Repository,File Name,Class,Start Line,End Line,Displacement,Level
00b566ae1862f6d43fc5aa849c7dc623a9753630,00b566ae1862f6d43fc5aa849c7dc623a9753630_archive-cdx_1665ed32_20181231_050501_after_1.py,If statements expression (else),36,36,24,B1
00b566ae1862f6d43fc5aa849c7dc623a9753630,00b566ae1862f6d43fc5aa849c7dc623a9753630_archive-cdx_1665ed32_20181231_050501_after_1.py,Simple Atributte,5,5,11,A2
00b566ae1862f6d43fc5aa849c7dc623a9753630,00b566ae1862f6d43fc5aa849c7dc623a9753630_archive-cdx_1665ed32_20181231_050501_after_1.py,Simple Atributte,9,9,2,A2
00b566ae1862f6d43fc5aa849c7dc623a9753630,00b566ae1862f6d43fc5aa849c7dc623a9753630_archive-cdx_1665ed32_20181231_050501_after_1.py,Simple Atributte,10,10,2,A2
00b566ae1862f6d43fc5aa849c7dc623a9753630,00b566ae1862f6d43fc5aa849c7dc623a9753630_archive-cdx_1665ed32_20181231_050501_after_1.py,Simple Atributte,11,11,2,A2
00b566ae1862f6d43fc5aa849c7dc623a9753630,00b566ae1862f6d43fc5aa849c7dc623a9753630_archive-cdx_1665ed32_20181231_050501_after_1.py,Simple Atributte,19,19,2,A2
00b566ae1862f6d43fc5aa849c7dc623a9753630,00b566ae1862f6d43fc5aa849c7dc623a9753630_archive-cdx_1665ed32_20181231_050501_after_1.py,Simple Atributte,37,37,2,A2
00b566ae1862f6d43fc5aa849c7dc623a9753630,00b566ae1862f6d43fc5aa849c7dc623a9753630_archive-cdx_1665ed32_20181231_050501_after_1.py,Simple Atributte,43,43,28,A2
00b566ae1862f6d43fc5aa849c7dc623a9753630,00b566ae1862f6d43fc5aa849c7dc623a9753630_archive-cdx_1665ed32_20181231_050501_after_1.py,Simple Atributte,16,16,2,A2
00b566ae1862f6d43fc5aa849c7dc623a9753630,00b566ae1862f6d43fc5aa849c7dc623a9753630_archive-cdx_1665ed32_20181231_050501_after_1.py,Simple Atributte,19,19,21,A2
00b566ae1862f6d43fc5aa849c7dc623a9753630,00b566ae1862f6d43fc5aa849c7dc623a9753630_archive-cdx_1665ed32_20181231_050501_after_1.py,Simple Atributte,23,23,9,A2
00b566ae1862f6d43fc5aa849c7dc623a9753630,00b566ae1862f6d43fc5aa849c7dc623a9753630_archive-cdx_1665ed32_20181231_050501_after_1.py,Simple Atributte,29,29,3,A2
00b566ae1862f6d43fc5aa849c7dc623a9753630,00b566ae1862f6d43fc5aa849c7dc623a9753630_archive-cdx_1665ed32_20181231_050501_after_1.py,Simple Atributte,33,33,3,A2
00b566ae1862f6d43fc5aa849c7dc623a9753630,00b566ae1862f6d43fc5aa849c7dc623a9753630_archive-cdx_1665ed32_20181231_050501_after_1.py,Simple Atributte,35,35,19,A2
00b566ae1862f6d43fc5aa849c7dc623a9753630,00b566ae1862f6d43fc5aa849c7dc623a9753630_archive-cdx_1665ed32_20181231_050501_after_1.py,Simple Atributte,36,36,2,A2
00b566ae1862f6d43fc5aa849c7dc623a9753630,00b566ae1862f6d43fc5aa849c7dc623a9753630_archive-cdx_1665ed32_20181231_050501_after_1.py,Simple Atributte,36,36,24,A2
00b566ae1862f6d43fc5aa849c7dc623a9753630,00b566ae1862f6d43fc5aa849c7dc623a9753630_archive-cdx_1665ed32_20181231_050501_after_1.py,Simple Atributte,37,37,14,A2
00b566ae1862f6d43fc5aa849c7dc623a9753630,00b566ae1862f6d43fc5aa849c7dc623a9753630_archive-cdx_1665ed32_20181231_050501_after_1.py,Simple Atributte,40,40,5,A2
00b566ae1862f6d43fc5aa849c7dc623a9753630,00b566ae1862f6d43fc5aa849c7dc623a9753630_archive-cdx_1665ed32_20181231_050501_after_1.py,Simple Atributte,40,40,15,A2
00b566ae1862f6d43fc5aa849c7dc623a9753630,00b566ae1862f6d43fc5aa849c7dc623a9753630_archive-cdx_1665ed32_20181231_050501_after_1.py,Simple Atributte,42,42,2,A2
00b566ae1862f6d43fc5aa849c7dc623a9753630,00b566ae1862f6d43fc5aa849c7dc623a9753630_archive-cdx_1665ed32_20181231_050501_after_1.py,Simple Atributte,42,42,22,A2
00b566ae1862f6d43fc5aa849c7dc623a9753630,00b566ae1862f6d43fc5aa849c7dc623a9753630_archive-cdx_1665ed32_20181231_050501_after_1.py,Simple Atributte,43,43,2,A2
00b566ae1862f6d43fc5aa849c7dc623a9753630,00b566ae1862f6d43fc5aa849c7dc623a9753630_archive-cdx_1665ed32_20181231_050501_after_1.py,Special Class Attribute __class__,44,44,9,B2
00b566ae1862f6d43fc5aa849c7dc623a9753630,00b566ae1862f6d43fc5aa849c7dc623a9753630_archive-cdx_1665ed32_20181231_050501_after_1.py,Simple Atributte,44,44,24,A2
00b566ae1862f6d43fc5aa849c7dc623a9753630,00b566ae1862f6d43fc5aa849c7dc623a9753630_archive-cdx_1665ed32_20181231_050501_after_1.py,Simple Atributte,13,13,6,A2
00b566ae1862f6d43fc5aa849c7dc623a9753630,00b566ae1862f6d43fc5aa849c7dc623a9753630_archive-cdx_1665ed32_20181231_050501_after_1.py,Simple Atributte,18,18,13,A2
00b566ae1862f6d43fc5aa849c7dc623a9753630,00b566ae1862f6d43fc5aa849c7dc623a9753630_archive-cdx_1665ed32_20181231_050501_after_1.py,Simple Atributte,19,19,32,A2
00b566ae1862f6d43fc5aa849c7dc623a9753630,00b566ae1862f6d43fc5aa849c7dc623a9753630_archive-cdx_1665ed32_20181231_050501_after_1.py,Simple Atributte,27,27,25,A2
00b566ae1862f6d43fc5aa849c7dc623a9753630,00b566ae1862f6d43fc5aa849c7dc623a9753630_archive-cdx_1665ed32_20181231_050501_after_1.py,Simple Atributte,28,28,3,A2
00b566ae1862f6d43fc5aa849c7dc623a9753630,00b566ae1862f6d43fc5aa849c7dc623a9753630_archive-cdx_1665ed32_20181231_050501_after_1.py,Simple Atributte,29,29,25,A2
00b566ae1862f6d43fc5aa849c7dc623a9753630,00b566ae1862f6d43fc5aa849c7dc623a9753630_archive-cdx_1665ed32_20181231_050501_after_1.py,Simple Atributte,30,30,7,A2
00b566ae1862f6d43fc5aa849c7dc623a9753630,00b566ae1862f6d43fc5aa849c7dc623a9753630_archive-cdx_1665ed32_20181231_050501_after_1.py,Simple Atributte,31,31,9,A2
00b566ae1862f6d43fc5aa849c7dc623a9753630,00b566ae1862f6d43fc5aa849c7dc623a9753630_archive-cdx_1665ed32_20181231_050501_after_1.py,Simple Atributte,33,33,21,A2
00b566ae1862f6d43fc5aa849c7dc623a9753630,00b566ae1862f6d43fc5aa849c7dc623a9753630_archive-cdx_1665ed32_20181231_050501_after_1.py,Simple Atributte,34,34,7,A2
00b566ae1862f6d43fc5aa849c7dc623a9753630,00b566ae1862f6d43fc5aa849c7dc623a9753630_archive-cdx_1665ed32_20181231_050501_after_1.py,Simple Atributte,35,35,32,A2
00b566ae1862f6d43fc5aa849c7dc623a9753630,00b566ae1862f6d43fc5aa849c7dc623a9753630_archive-cdx_1665ed32_20181231_050501_after_1.py,Simple Atributte,36,36,63,A2
00b566ae1862f6d43fc5aa849c7dc623a9753630,00b566ae1862f6d43fc5aa849c7dc623a9753630_archive-cdx_1665ed32_20181231_050501_after_1.py,Simple Atributte,36,36,84,A2
00b566ae1862f6d43fc5aa849c7dc623a9753630,00b566ae1862f6d43fc5aa849c7dc623a9753630_archive-cdx_1665ed32_20181231_050501_after_1.py,Simple Atributte,44,44,35,A2
00b566ae1862f6d43fc5aa849c7dc623a9753630,00b566ae1862f6d43fc5aa849c7dc623a9753630_archive-cdx_1665ed32_20181231_050501_after_1.py,Simple Atributte,14,14,4,A2
00b566ae1862f6d43fc5aa849c7dc623a9753630,00b566ae1862f6d43fc5aa849c7dc623a9753630_archive-cdx_1665ed32_20181231_050501_after_1.py,Simple Atributte,14,14,26,A2
00b566ae1862f6d43fc5aa849c7dc623a9753630,00b566ae1862f6d43fc5aa849c7dc623a9753630_archive-cdx_1665ed32_20181231_050501_after_1.py,Simple Atributte,15,15,8,A2
00b566ae1862f6d43fc5aa849c7dc623a9753630,00b566ae1862f6d43fc5aa849c7dc623a9753630_archive-cdx_1665ed32_20181231_050501_after_1.py,Simple Atributte,18,18,30,A2
00b566ae1862f6d43fc5aa849c7dc623a9753630,00b566ae1862f6d43fc5aa849c7dc623a9753630_archive-cdx_1665ed32_20181231_050501_after_1.py,Simple Atributte,29,29,48,A2
00b566ae1862f6d43fc5aa849c7dc623a9753630,00b566ae1862f6d43fc5aa849c7dc623a9753630_archive-cdx_1665ed32_20181231_050501_after_1.py,Simple Atributte,36,36,43,A2
00b566ae1862f6d43fc5aa849c7dc623a9753630,00b566ae1862f6d43fc5aa849c7dc623a9753630_archive-cdx_1665ed32_20181231_050501_after_1.py,Simple Assignment,5,5,0,A1
00b566ae1862f6d43fc5aa849c7dc623a9753630,00b566ae1862f6d43fc5aa849c7dc623a9753630_archive-cdx_1665ed32_20181231_050501_after_1.py,Simple Assignment,9,9,2,A1
00b566ae1862f6d43fc5aa849c7dc623a9753630,00b566ae1862f6d43fc5aa849c7dc623a9753630_archive-cdx_1665ed32_20181231_050501_after_1.py,Simple Assignment,10,10,2,A1
00b566ae1862f6d43fc5aa849c7dc623a9753630,00b566ae1862f6d43fc5aa849c7dc623a9753630_archive-cdx_1665ed32_20181231_050501_after_1.py,Simple Assignment,11,11,2,A1
00b566ae1862f6d43fc5aa849c7dc623a9753630,00b566ae1862f6d43fc5aa849c7dc623a9753630_archive-cdx_1665ed32_20181231_050501_after_1.py,Simple Assignment,19,19,2,A1
00b566ae1862f6d43fc5aa849c7dc623a9753630,00b566ae1862f6d43fc5aa849c7dc623a9753630_archive-cdx_1665ed32_20181231_050501_after_1.py,Simple Assignment,36,36,2,A1
00b566ae1862f6d43fc5aa849c7dc623a9753630,00b566ae1862f6d43fc5aa849c7dc623a9753630_archive-cdx_1665ed32_20181231_050501_after_1.py,Simple Assignment,37,37,2,A1
00b566ae1862f6d43fc5aa849c7dc623a9753630,00b566ae1862f6d43fc5aa849c7dc623a9753630_archive-cdx_1665ed32_20181231_050501_after_1.py,Assigment with sum (total = total + 1),42,42,2,A1
00b566ae1862f6d43fc5aa849c7dc623a9753630,00b566ae1862f6d43fc5aa849c7dc623a9753630_archive-cdx_1665ed32_20181231_050501_after_1.py,Simple Assignment,43,43,2,A1
00b566ae1862f6d43fc5aa849c7dc623a9753630,00b566ae1862f6d43fc5aa849c7dc623a9753630_archive-cdx_1665ed32_20181231_050501_after_1.py,Simple Assignment,28,28,3,A1
00b566ae1862f6d43fc5aa849c7dc623a9753630,00b566ae1862f6d43fc5aa849c7dc623a9753630_archive-cdx_1665ed32_20181231_050501_after_1.py,Simple Assignment,29,29,3,A1
00b566ae1862f6d43fc5aa849c7dc623a9753630,00b566ae1862f6d43fc5aa849c7dc623a9753630_archive-cdx_1665ed32_20181231_050501_after_1.py,Simple Assignment,33,33,3,A1
00b566ae1862f6d43fc5aa849c7dc623a9753630,00b566ae1862f6d43fc5aa849c7dc623a9753630_archive-cdx_1665ed32_20181231_050501_after_1.py,Simple Assignment,35,35,32,A1
00b566ae1862f6d43fc5aa849c7dc623a9753630,00b566ae1862f6d43fc5aa849c7dc623a9753630_archive-cdx_1665ed32_20181231_050501_after_1.py,Simple Assignment,14,14,4,A1
00b566ae1862f6d43fc5aa849c7dc623a9753630,00b566ae1862f6d43fc5aa849c7dc623a9753630_archive-cdx_1665ed32_20181231_050501_after_1.py,From,1,1,0,A2
00b566ae1862f6d43fc5aa849c7dc623a9753630,00b566ae1862f6d43fc5aa849c7dc623a9753630_archive-cdx_1665ed32_20181231_050501_after_1.py,From,2,2,0,A2
00b566ae1862f6d43fc5aa849c7dc623a9753630,00b566ae1862f6d43fc5aa849c7dc623a9753630_archive-cdx_1665ed32_20181231_050501_after_1.py,Simple If statements,27,34,2,A1
00b566ae1862f6d43fc5aa849c7dc623a9753630,00b566ae1862f6d43fc5aa849c7dc623a9753630_archive-cdx_1665ed32_20181231_050501_after_1.py,Simple If statements,35,35,2,A1
00b566ae1862f6d43fc5aa849c7dc623a9753630,00b566ae1862f6d43fc5aa849c7dc623a9753630_archive-cdx_1665ed32_20181231_050501_after_1.py,Simple If statements,40,41,2,A1
00b566ae1862f6d43fc5aa849c7dc623a9753630,00b566ae1862f6d43fc5aa849c7dc623a9753630_archive-cdx_1665ed32_20181231_050501_after_1.py,Simple If statements,13,15,3,A1
00b566ae1862f6d43fc5aa849c7dc623a9753630,00b566ae1862f6d43fc5aa849c7dc623a9753630_archive-cdx_1665ed32_20181231_050501_after_1.py,Simple If statements,18,18,3,A1
00b566ae1862f6d43fc5aa849c7dc623a9753630,00b566ae1862f6d43fc5aa849c7dc623a9753630_archive-cdx_1665ed32_20181231_050501_after_1.py,Simple For Loop,12,15,2,A1
00b566ae1862f6d43fc5aa849c7dc623a9753630,00b566ae1862f6d43fc5aa849c7dc623a9753630_archive-cdx_1665ed32_20181231_050501_after_1.py,Simple For Loop,17,18,2,A1
00b566ae1862f6d43fc5aa849c7dc623a9753630,00b566ae1862f6d43fc5aa849c7dc623a9753630_archive-cdx_1665ed32_20181231_050501_after_1.py,Function with Simple argument with Default argument with ** argument,8,19,1,B1
00b566ae1862f6d43fc5aa849c7dc623a9753630,00b566ae1862f6d43fc5aa849c7dc623a9753630_archive-cdx_1665ed32_20181231_050501_after_1.py,Function with Simple argument,20,21,1,A1
00b566ae1862f6d43fc5aa849c7dc623a9753630,00b566ae1862f6d43fc5aa849c7dc623a9753630_archive-cdx_1665ed32_20181231_050501_after_1.py,Function with Simple argument,22,23,1,A1
00b566ae1862f6d43fc5aa849c7dc623a9753630,00b566ae1862f6d43fc5aa849c7dc623a9753630_archive-cdx_1665ed32_20181231_050501_after_1.py,Function with Simple argument,26,37,1,A1
00b566ae1862f6d43fc5aa849c7dc623a9753630,00b566ae1862f6d43fc5aa849c7dc623a9753630_archive-cdx_1665ed32_20181231_050501_after_1.py,Function with Simple argument,39,44,1,A1
00b566ae1862f6d43fc5aa849c7dc623a9753630,00b566ae1862f6d43fc5aa849c7dc623a9753630_archive-cdx_1665ed32_20181231_050501_after_1.py,Lambda,29,29,34,B1
00b566ae1862f6d43fc5aa849c7dc623a9753630,00b566ae1862f6d43fc5aa849c7dc623a9753630_archive-cdx_1665ed32_20181231_050501_after_1.py,Return,21,21,2,A1
00b566ae1862f6d43fc5aa849c7dc623a9753630,00b566ae1862f6d43fc5aa849c7dc623a9753630_archive-cdx_1665ed32_20181231_050501_after_1.py,Return,23,23,2,A1
00b566ae1862f6d43fc5aa849c7dc623a9753630,00b566ae1862f6d43fc5aa849c7dc623a9753630_archive-cdx_1665ed32_20181231_050501_after_1.py,Return,44,44,2,A1
00b566ae1862f6d43fc5aa849c7dc623a9753630,00b566ae1862f6d43fc5aa849c7dc623a9753630_archive-cdx_1665ed32_20181231_050501_after_1.py,Return,41,41,3,A1
00b566ae1862f6d43fc5aa849c7dc623a9753630,00b566ae1862f6d43fc5aa849c7dc623a9753630_archive-cdx_1665ed32_20181231_050501_after_1.py,Simple Class  Using the constructor method --> __init__,7,23,0,B1
00b566ae1862f6d43fc5aa849c7dc623a9753630,00b566ae1862f6d43fc5aa849c7dc623a9753630_archive-cdx_1665ed32_20181231_050501_after_1.py,Inherited Class from Listing,25,44,0,B1
00b566ae1862f6d43fc5aa849c7dc623a9753630,00b566ae1862f6d43fc5aa849c7dc623a9753630_archive-cdx_1665ed32_20181231_050501_before_1.py,If statements expression (else),19,19,19,B1
00b566ae1862f6d43fc5aa849c7dc623a9753630,00b566ae1862f6d43fc5aa849c7dc623a9753630_archive-cdx_1665ed32_20181231_050501_before_1.py,Simple Atributte,5,5,11,A2
00b566ae1862f6d43fc5aa849c7dc623a9753630,00b566ae1862f6d43fc5aa849c7dc623a9753630_archive-cdx_1665ed32_20181231_050501_before_1.py,Simple Atributte,9,9,2,A2
00b566ae1862f6d43fc5aa849c7dc623a9753630,00b566ae1862f6d43fc5aa849c7dc623a9753630_archive-cdx_1665ed32_20181231_050501_before_1.py,Simple Atributte,20,20,2,A2
00b566ae1862f6d43fc5aa849c7dc623a9753630,00b566ae1862f6d43fc5aa849c7dc623a9753630_archive-cdx_1665ed32_20181231_050501_before_1.py,Simple Atributte,21,21,2,A2
00b566ae1862f6d43fc5aa849c7dc623a9753630,00b566ae1862f6d43fc5aa849c7dc623a9753630_archive-cdx_1665ed32_20181231_050501_before_1.py,Simple Atributte,24,24,2,A2
00b566ae1862f6d43fc5aa849c7dc623a9753630,00b566ae1862f6d43fc5aa849c7dc623a9753630_archive-cdx_1665ed32_20181231_050501_before_1.py,Simple Atributte,32,32,28,A2
00b566ae1862f6d43fc5aa849c7dc623a9753630,00b566ae1862f6d43fc5aa849c7dc623a9753630_archive-cdx_1665ed32_20181231_050501_before_1.py,Simple Atributte,12,12,3,A2
00b566ae1862f6d43fc5aa849c7dc623a9753630,00b566ae1862f6d43fc5aa849c7dc623a9753630_archive-cdx_1665ed32_20181231_050501_before_1.py,Simple Atributte,16,16,3,A2
00b566ae1862f6d43fc5aa849c7dc623a9753630,00b566ae1862f6d43fc5aa849c7dc623a9753630_archive-cdx_1665ed32_20181231_050501_before_1.py,Simple Atributte,19,19,19,A2
00b566ae1862f6d43fc5aa849c7dc623a9753630,00b566ae1862f6d43fc5aa849c7dc623a9753630_archive-cdx_1665ed32_20181231_050501_before_1.py,Simple Atributte,26,26,9,A2
00b566ae1862f6d43fc5aa849c7dc623a9753630,00b566ae1862f6d43fc5aa849c7dc623a9753630_archive-cdx_1665ed32_20181231_050501_before_1.py,Simple Atributte,29,29,5,A2
00b566ae1862f6d43fc5aa849c7dc623a9753630,00b566ae1862f6d43fc5aa849c7dc623a9753630_archive-cdx_1665ed32_20181231_050501_before_1.py,Simple Atributte,29,29,15,A2
00b566ae1862f6d43fc5aa849c7dc623a9753630,00b566ae1862f6d43fc5aa849c7dc623a9753630_archive-cdx_1665ed32_20181231_050501_before_1.py,Simple Atributte,31,31,2,A2
00b566ae1862f6d43fc5aa849c7dc623a9753630,00b566ae1862f6d43fc5aa849c7dc623a9753630_archive-cdx_1665ed32_20181231_050501_before_1.py,Simple Atributte,31,31,22,A2
00b566ae1862f6d43fc5aa849c7dc623a9753630,00b566ae1862f6d43fc5aa849c7dc623a9753630_archive-cdx_1665ed32_20181231_050501_before_1.py,Simple Atributte,32,32,2,A2
00b566ae1862f6d43fc5aa849c7dc623a9753630,00b566ae1862f6d43fc5aa849c7dc623a9753630_archive-cdx_1665ed32_20181231_050501_before_1.py,Special Class Attribute __class__,33,33,9,B2
00b566ae1862f6d43fc5aa849c7dc623a9753630,00b566ae1862f6d43fc5aa849c7dc623a9753630_archive-cdx_1665ed32_20181231_050501_before_1.py,Simple Atributte,33,33,24,A2
00b566ae1862f6d43fc5aa849c7dc623a9753630,00b566ae1862f6d43fc5aa849c7dc623a9753630_archive-cdx_1665ed32_20181231_050501_before_1.py,Simple Atributte,19,19,53,A2
00b566ae1862f6d43fc5aa849c7dc623a9753630,00b566ae1862f6d43fc5aa849c7dc623a9753630_archive-cdx_1665ed32_20181231_050501_before_1.py,Simple Atributte,33,33,35,A2
00b566ae1862f6d43fc5aa849c7dc623a9753630,00b566ae1862f6d43fc5aa849c7dc623a9753630_archive-cdx_1665ed32_20181231_050501_before_1.py,Simple Assignment,5,5,0,A1
00b566ae1862f6d43fc5aa849c7dc623a9753630,00b566ae1862f6d43fc5aa849c7dc623a9753630_archive-cdx_1665ed32_20181231_050501_before_1.py,Simple Assignment,9,9,2,A1
00b566ae1862f6d43fc5aa849c7dc623a9753630,00b566ae1862f6d43fc5aa849c7dc623a9753630_archive-cdx_1665ed32_20181231_050501_before_1.py,Simple Assignment,19,19,2,A1
00b566ae1862f6d43fc5aa849c7dc623a9753630,00b566ae1862f6d43fc5aa849c7dc623a9753630_archive-cdx_1665ed32_20181231_050501_before_1.py,Simple Assignment,20,20,2,A1
00b566ae1862f6d43fc5aa849c7dc623a9753630,00b566ae1862f6d43fc5aa849c7dc623a9753630_archive-cdx_1665ed32_20181231_050501_before_1.py,Simple Assignment,21,21,2,A1
00b566ae1862f6d43fc5aa849c7dc623a9753630,00b566ae1862f6d43fc5aa849c7dc623a9753630_archive-cdx_1665ed32_20181231_050501_before_1.py,Simple Assignment,24,24,2,A1
00b566ae1862f6d43fc5aa849c7dc623a9753630,00b566ae1862f6d43fc5aa849c7dc623a9753630_archive-cdx_1665ed32_20181231_050501_before_1.py,Assigment with sum (total = total + 1),31,31,2,A1
00b566ae1862f6d43fc5aa849c7dc623a9753630,00b566ae1862f6d43fc5aa849c7dc623a9753630_archive-cdx_1665ed32_20181231_050501_before_1.py,Simple Assignment,32,32,2,A1
00b566ae1862f6d43fc5aa849c7dc623a9753630,00b566ae1862f6d43fc5aa849c7dc623a9753630_archive-cdx_1665ed32_20181231_050501_before_1.py,Simple Assignment,11,11,3,A1
00b566ae1862f6d43fc5aa849c7dc623a9753630,00b566ae1862f6d43fc5aa849c7dc623a9753630_archive-cdx_1665ed32_20181231_050501_before_1.py,Simple Assignment,12,12,3,A1
00b566ae1862f6d43fc5aa849c7dc623a9753630,00b566ae1862f6d43fc5aa849c7dc623a9753630_archive-cdx_1665ed32_20181231_050501_before_1.py,Simple Assignment,16,16,3,A1
00b566ae1862f6d43fc5aa849c7dc623a9753630,00b566ae1862f6d43fc5aa849c7dc623a9753630_archive-cdx_1665ed32_20181231_050501_before_1.py,Simple Assignment,18,18,27,A1
00b566ae1862f6d43fc5aa849c7dc623a9753630,00b566ae1862f6d43fc5aa849c7dc623a9753630_archive-cdx_1665ed32_20181231_050501_before_1.py,From,1,1,0,A2
00b566ae1862f6d43fc5aa849c7dc623a9753630,00b566ae1862f6d43fc5aa849c7dc623a9753630_archive-cdx_1665ed32_20181231_050501_before_1.py,From,2,2,0,A2
00b566ae1862f6d43fc5aa849c7dc623a9753630,00b566ae1862f6d43fc5aa849c7dc623a9753630_archive-cdx_1665ed32_20181231_050501_before_1.py,Simple If statements,10,17,2,A1
00b566ae1862f6d43fc5aa849c7dc623a9753630,00b566ae1862f6d43fc5aa849c7dc623a9753630_archive-cdx_1665ed32_20181231_050501_before_1.py,Simple If statements,18,18,2,A1
00b566ae1862f6d43fc5aa849c7dc623a9753630,00b566ae1862f6d43fc5aa849c7dc623a9753630_archive-cdx_1665ed32_20181231_050501_before_1.py,Simple If statements,29,30,2,A1
00b566ae1862f6d43fc5aa849c7dc623a9753630,00b566ae1862f6d43fc5aa849c7dc623a9753630_archive-cdx_1665ed32_20181231_050501_before_1.py,Simple If statements,23,23,3,A1
00b566ae1862f6d43fc5aa849c7dc623a9753630,00b566ae1862f6d43fc5aa849c7dc623a9753630_archive-cdx_1665ed32_20181231_050501_before_1.py,Simple For Loop,22,23,2,A1
00b566ae1862f6d43fc5aa849c7dc623a9753630,00b566ae1862f6d43fc5aa849c7dc623a9753630_archive-cdx_1665ed32_20181231_050501_before_1.py,Function with Simple argument with Default argument with ** argument,8,24,1,B1
00b566ae1862f6d43fc5aa849c7dc623a9753630,00b566ae1862f6d43fc5aa849c7dc623a9753630_archive-cdx_1665ed32_20181231_050501_before_1.py,Function with Simple argument,25,26,1,A1
00b566ae1862f6d43fc5aa849c7dc623a9753630,00b566ae1862f6d43fc5aa849c7dc623a9753630_archive-cdx_1665ed32_20181231_050501_before_1.py,Function with Simple argument,28,33,1,A1
00b566ae1862f6d43fc5aa849c7dc623a9753630,00b566ae1862f6d43fc5aa849c7dc623a9753630_archive-cdx_1665ed32_20181231_050501_before_1.py,Lambda,12,12,29,B1
00b566ae1862f6d43fc5aa849c7dc623a9753630,00b566ae1862f6d43fc5aa849c7dc623a9753630_archive-cdx_1665ed32_20181231_050501_before_1.py,Return,26,26,2,A1
00b566ae1862f6d43fc5aa849c7dc623a9753630,00b566ae1862f6d43fc5aa849c7dc623a9753630_archive-cdx_1665ed32_20181231_050501_before_1.py,Return,33,33,2,A1
00b566ae1862f6d43fc5aa849c7dc623a9753630,00b566ae1862f6d43fc5aa849c7dc623a9753630_archive-cdx_1665ed32_20181231_050501_before_1.py,Return,30,30,3,A1
00b566ae1862f6d43fc5aa849c7dc623a9753630,00b566ae1862f6d43fc5aa849c7dc623a9753630_archive-cdx_1665ed32_20181231_050501_before_1.py,Simple Class  Using the constructor method --> __init__,7,33,0,B1
2697c3752162de133a19ec22fa8e13101f4b469e,2697c3752162de133a19ec22fa8e13101f4b469e_archive-cdx_1665ed32_20181231_034228_after_1.py,Simple List,48,71,16,A1
2697c3752162de133a19ec22fa8e13101f4b469e,2697c3752162de133a19ec22fa8e13101f4b469e_archive-cdx_1665ed32_20181231_034228_after_1.py,Simple List,96,96,21,A1
2697c3752162de133a19ec22fa8e13101f4b469e,2697c3752162de133a19ec22fa8e13101f4b469e_archive-cdx_1665ed32_20181231_034228_after_1.py,Simple List,88,88,35,A1
2697c3752162de133a19ec22fa8e13101f4b469e,2697c3752162de133a19ec22fa8e13101f4b469e_archive-cdx_1665ed32_20181231_034228_after_1.py,Simple Dictionary,149,152,17,A2
2697c3752162de133a19ec22fa8e13101f4b469e,2697c3752162de133a19ec22fa8e13101f4b469e_archive-cdx_1665ed32_20181231_034228_after_1.py,Files --> 'open' call function,7,7,5,A2
2697c3752162de133a19ec22fa8e13101f4b469e,2697c3752162de133a19ec22fa8e13101f4b469e_archive-cdx_1665ed32_20181231_034228_after_1.py,Files --> 'read' call function,8,8,23,A2
2697c3752162de133a19ec22fa8e13101f4b469e,2697c3752162de133a19ec22fa8e13101f4b469e_archive-cdx_1665ed32_20181231_034228_after_1.py,Simple Atributte,5,5,7,A2
2697c3752162de133a19ec22fa8e13101f4b469e,2697c3752162de133a19ec22fa8e13101f4b469e_archive-cdx_1665ed32_20181231_034228_after_1.py,Simple Atributte,5,5,20,A2
2697c3752162de133a19ec22fa8e13101f4b469e,2697c3752162de133a19ec22fa8e13101f4b469e_archive-cdx_1665ed32_20181231_034228_after_1.py,Simple Atributte,8,8,23,A2
2697c3752162de133a19ec22fa8e13101f4b469e,2697c3752162de133a19ec22fa8e13101f4b469e_archive-cdx_1665ed32_20181231_034228_after_1.py,Simple Atributte,7,7,10,A2
2697c3752162de133a19ec22fa8e13101f4b469e,2697c3752162de133a19ec22fa8e13101f4b469e_archive-cdx_1665ed32_20181231_034228_after_1.py,Simple Assignment,5,5,0,A1
2697c3752162de133a19ec22fa8e13101f4b469e,2697c3752162de133a19ec22fa8e13101f4b469e_archive-cdx_1665ed32_20181231_034228_after_1.py,Simple Assignment,8,8,4,A1
2697c3752162de133a19ec22fa8e13101f4b469e,2697c3752162de133a19ec22fa8e13101f4b469e_archive-cdx_1665ed32_20181231_034228_after_1.py,From,1,1,0,A2
2697c3752162de133a19ec22fa8e13101f4b469e,2697c3752162de133a19ec22fa8e13101f4b469e_archive-cdx_1665ed32_20181231_034228_after_1.py,From,2,2,0,A2
2697c3752162de133a19ec22fa8e13101f4b469e,2697c3752162de133a19ec22fa8e13101f4b469e_archive-cdx_1665ed32_20181231_034228_after_1.py,From,3,3,0,A2
2697c3752162de133a19ec22fa8e13101f4b469e,2697c3752162de133a19ec22fa8e13101f4b469e_archive-cdx_1665ed32_20181231_034228_after_1.py,With,7,8,0,B1
2697c3752162de133a19ec22fa8e13101f4b469e,2697c3752162de133a19ec22fa8e13101f4b469e_archive-cdx_1665ed32_20181231_034228_before_1.py,Simple List,48,71,16,A1
2697c3752162de133a19ec22fa8e13101f4b469e,2697c3752162de133a19ec22fa8e13101f4b469e_archive-cdx_1665ed32_20181231_034228_before_1.py,Simple List,88,88,35,A1
2697c3752162de133a19ec22fa8e13101f4b469e,2697c3752162de133a19ec22fa8e13101f4b469e_archive-cdx_1665ed32_20181231_034228_before_1.py,Simple Dictionary,149,152,17,A2
2697c3752162de133a19ec22fa8e13101f4b469e,2697c3752162de133a19ec22fa8e13101f4b469e_archive-cdx_1665ed32_20181231_034228_before_1.py,Files --> 'open' call function,7,7,5,A2
2697c3752162de133a19ec22fa8e13101f4b469e,2697c3752162de133a19ec22fa8e13101f4b469e_archive-cdx_1665ed32_20181231_034228_before_1.py,Files --> 'read' call function,8,8,23,A2
2697c3752162de133a19ec22fa8e13101f4b469e,2697c3752162de133a19ec22fa8e13101f4b469e_archive-cdx_1665ed32_20181231_034228_before_1.py,Simple Atributte,5,5,7,A2
2697c3752162de133a19ec22fa8e13101f4b469e,2697c3752162de133a19ec22fa8e13101f4b469e_archive-cdx_1665ed32_20181231_034228_before_1.py,Simple Atributte,5,5,20,A2
2697c3752162de133a19ec22fa8e13101f4b469e,2697c3752162de133a19ec22fa8e13101f4b469e_archive-cdx_1665ed32_20181231_034228_before_1.py,Simple Atributte,8,8,23,A2
2697c3752162de133a19ec22fa8e13101f4b469e,2697c3752162de133a19ec22fa8e13101f4b469e_archive-cdx_1665ed32_20181231_034228_before_1.py,Simple Atributte,7,7,10,A2
2697c3752162de133a19ec22fa8e13101f4b469e,2697c3752162de133a19ec22fa8e13101f4b469e_archive-cdx_1665ed32_20181231_034228_before_1.py,Simple Assignment,5,5,0,A1
2697c3752162de133a19ec22fa8e13101f4b469e,2697c3752162de133a19ec22fa8e13101f4b469e_archive-cdx_1665ed32_20181231_034228_before_1.py,Simple Assignment,8,8,4,A1
2697c3752162de133a19ec22fa8e13101f4b469e,2697c3752162de133a19ec22fa8e13101f4b469e_archive-cdx_1665ed32_20181231_034228_before_1.py,From,1,1,0,A2
2697c3752162de133a19ec22fa8e13101f4b469e,2697c3752162de133a19ec22fa8e13101f4b469e_archive-cdx_1665ed32_20181231_034228_before_1.py,From,2,2,0,A2
2697c3752162de133a19ec22fa8e13101f4b469e,2697c3752162de133a19ec22fa8e13101f4b469e_archive-cdx_1665ed32_20181231_034228_before_1.py,From,3,3,0,A2
2697c3752162de133a19ec22fa8e13101f4b469e,2697c3752162de133a19ec22fa8e13101f4b469e_archive-cdx_1665ed32_20181231_034228_before_1.py,With,7,8,0,B1
d693b1bf99e7a697d19e85e0501856dda96aae35,d693b1bf99e7a697d19e85e0501856dda96aae35_archive-cdx_1665ed32_20181230_160824_after_5.py,Simple List,48,71,16,A1
d693b1bf99e7a697d19e85e0501856dda96aae35,d693b1bf99e7a697d19e85e0501856dda96aae35_archive-cdx_1665ed32_20181230_160824_after_5.py,Simple List,96,96,21,A1
d693b1bf99e7a697d19e85e0501856dda96aae35,d693b1bf99e7a697d19e85e0501856dda96aae35_archive-cdx_1665ed32_20181230_160824_after_5.py,Simple List,88,88,35,A1
d693b1bf99e7a697d19e85e0501856dda96aae35,d693b1bf99e7a697d19e85e0501856dda96aae35_archive-cdx_1665ed32_20181230_160824_after_5.py,Simple Dictionary,149,152,17,A2
d693b1bf99e7a697d19e85e0501856dda96aae35,d693b1bf99e7a697d19e85e0501856dda96aae35_archive-cdx_1665ed32_20181230_160824_after_5.py,Files --> 'open' call function,7,7,5,A2
d693b1bf99e7a697d19e85e0501856dda96aae35,d693b1bf99e7a697d19e85e0501856dda96aae35_archive-cdx_1665ed32_20181230_160824_after_5.py,Files --> 'read' call function,8,8,23,A2
d693b1bf99e7a697d19e85e0501856dda96aae35,d693b1bf99e7a697d19e85e0501856dda96aae35_archive-cdx_1665ed32_20181230_160824_after_5.py,Simple Atributte,5,5,7,A2
d693b1bf99e7a697d19e85e0501856dda96aae35,d693b1bf99e7a697d19e85e0501856dda96aae35_archive-cdx_1665ed32_20181230_160824_after_5.py,Simple Atributte,5,5,20,A2
d693b1bf99e7a697d19e85e0501856dda96aae35,d693b1bf99e7a697d19e85e0501856dda96aae35_archive-cdx_1665ed32_20181230_160824_after_5.py,Simple Atributte,8,8,23,A2
d693b1bf99e7a697d19e85e0501856dda96aae35,d693b1bf99e7a697d19e85e0501856dda96aae35_archive-cdx_1665ed32_20181230_160824_after_5.py,Simple Atributte,7,7,10,A2
d693b1bf99e7a697d19e85e0501856dda96aae35,d693b1bf99e7a697d19e85e0501856dda96aae35_archive-cdx_1665ed32_20181230_160824_after_5.py,Simple Assignment,5,5,0,A1
d693b1bf99e7a697d19e85e0501856dda96aae35,d693b1bf99e7a697d19e85e0501856dda96aae35_archive-cdx_1665ed32_20181230_160824_after_5.py,Simple Assignment,8,8,4,A1
d693b1bf99e7a697d19e85e0501856dda96aae35,d693b1bf99e7a697d19e85e0501856dda96aae35_archive-cdx_1665ed32_20181230_160824_after_5.py,From,1,1,0,A2
d693b1bf99e7a697d19e85e0501856dda96aae35,d693b1bf99e7a697d19e85e0501856dda96aae35_archive-cdx_1665ed32_20181230_160824_after_5.py,From,2,2,0,A2
d693b1bf99e7a697d19e85e0501856dda96aae35,d693b1bf99e7a697d19e85e0501856dda96aae35_archive-cdx_1665ed32_20181230_160824_after_5.py,From,3,3,0,A2
d693b1bf99e7a697d19e85e0501856dda96aae35,d693b1bf99e7a697d19e85e0501856dda96aae35_archive-cdx_1665ed32_20181230_160824_after_5.py,With,7,8,0,B1
d0d2019905a11002dfa9dc605baea901b92bcb94,d0d2019905a11002dfa9dc605baea901b92bcb94_archive-cdx_1665ed32_20181231_025143_before_1.py,Simple List,48,71,16,A1
d0d2019905a11002dfa9dc605baea901b92bcb94,d0d2019905a11002dfa9dc605baea901b92bcb94_archive-cdx_1665ed32_20181231_025143_before_1.py,Simple List,96,96,21,A1
d0d2019905a11002dfa9dc605baea901b92bcb94,d0d2019905a11002dfa9dc605baea901b92bcb94_archive-cdx_1665ed32_20181231_025143_before_1.py,Simple List,88,88,35,A1
d0d2019905a11002dfa9dc605baea901b92bcb94,d0d2019905a11002dfa9dc605baea901b92bcb94_archive-cdx_1665ed32_20181231_025143_before_1.py,Simple Dictionary,149,152,17,A2
d0d2019905a11002dfa9dc605baea901b92bcb94,d0d2019905a11002dfa9dc605baea901b92bcb94_archive-cdx_1665ed32_20181231_025143_before_1.py,Files --> 'open' call function,7,7,5,A2
d0d2019905a11002dfa9dc605baea901b92bcb94,d0d2019905a11002dfa9dc605baea901b92bcb94_archive-cdx_1665ed32_20181231_025143_before_1.py,Files --> 'read' call function,8,8,23,A2
d0d2019905a11002dfa9dc605baea901b92bcb94,d0d2019905a11002dfa9dc605baea901b92bcb94_archive-cdx_1665ed32_20181231_025143_before_1.py,Simple Atributte,5,5,7,A2
d0d2019905a11002dfa9dc605baea901b92bcb94,d0d2019905a11002dfa9dc605baea901b92bcb94_archive-cdx_1665ed32_20181231_025143_before_1.py,Simple Atributte,5,5,20,A2
d0d2019905a11002dfa9dc605baea901b92bcb94,d0d2019905a11002dfa9dc605baea901b92bcb94_archive-cdx_1665ed32_20181231_025143_before_1.py,Simple Atributte,8,8,23,A2
d0d2019905a11002dfa9dc605baea901b92bcb94,d0d2019905a11002dfa9dc605baea901b92bcb94_archive-cdx_1665ed32_20181231_025143_before_1.py,Simple Atributte,7,7,10,A2
d0d2019905a11002dfa9dc605baea901b92bcb94,d0d2019905a11002dfa9dc605baea901b92bcb94_archive-cdx_1665ed32_20181231_025143_before_1.py,Simple Assignment,5,5,0,A1
d0d2019905a11002dfa9dc605baea901b92bcb94,d0d2019905a11002dfa9dc605baea901b92bcb94_archive-cdx_1665ed32_20181231_025143_before_1.py,Simple Assignment,8,8,4,A1
d0d2019905a11002dfa9dc605baea901b92bcb94,d0d2019905a11002dfa9dc605baea901b92bcb94_archive-cdx_1665ed32_20181231_025143_before_1.py,From,1,1,0,A2
d0d2019905a11002dfa9dc605baea901b92bcb94,d0d2019905a11002dfa9dc605baea901b92bcb94_archive-cdx_1665ed32_20181231_025143_before_1.py,From,2,2,0,A2
d0d2019905a11002dfa9dc605baea901b92bcb94,d0d2019905a11002dfa9dc605baea901b92bcb94_archive-cdx_1665ed32_20181231_025143_before_1.py,From,3,3,0,A2
d0d2019905a11002dfa9dc605baea901b92bcb94,d0d2019905a11002dfa9dc605baea901b92bcb94_archive-cdx_1665ed32_20181231_025143_before_1.py,With,7,8,0,B1
d0d2019905a11002dfa9dc605baea901b92bcb94,d0d2019905a11002dfa9dc605baea901b92bcb94_archive-cdx_1665ed32_20181231_025143_after_1.py,Simple List,48,71,16,A1
d0d2019905a11002dfa9dc605baea901b92bcb94,d0d2019905a11002dfa9dc605baea901b92bcb94_archive-cdx_1665ed32_20181231_025143_after_1.py,Simple List,88,88,35,A1
d0d2019905a11002dfa9dc605baea901b92bcb94,d0d2019905a11002dfa9dc605baea901b92bcb94_archive-cdx_1665ed32_20181231_025143_after_1.py,Simple Dictionary,149,152,17,A2
d0d2019905a11002dfa9dc605baea901b92bcb94,d0d2019905a11002dfa9dc605baea901b92bcb94_archive-cdx_1665ed32_20181231_025143_after_1.py,Files --> 'open' call function,7,7,5,A2
d0d2019905a11002dfa9dc605baea901b92bcb94,d0d2019905a11002dfa9dc605baea901b92bcb94_archive-cdx_1665ed32_20181231_025143_after_1.py,Files --> 'read' call function,8,8,23,A2
d0d2019905a11002dfa9dc605baea901b92bcb94,d0d2019905a11002dfa9dc605baea901b92bcb94_archive-cdx_1665ed32_20181231_025143_after_1.py,Simple Atributte,5,5,7,A2
d0d2019905a11002dfa9dc605baea901b92bcb94,d0d2019905a11002dfa9dc605baea901b92bcb94_archive-cdx_1665ed32_20181231_025143_after_1.py,Simple Atributte,5,5,20,A2
d0d2019905a11002dfa9dc605baea901b92bcb94,d0d2019905a11002dfa9dc605baea901b92bcb94_archive-cdx_1665ed32_20181231_025143_after_1.py,Simple Atributte,8,8,23,A2
d0d2019905a11002dfa9dc605baea901b92bcb94,d0d2019905a11002dfa9dc605baea901b92bcb94_archive-cdx_1665ed32_20181231_025143_after_1.py,Simple Atributte,7,7,10,A2
d0d2019905a11002dfa9dc605baea901b92bcb94,d0d2019905a11002dfa9dc605baea901b92bcb94_archive-cdx_1665ed32_20181231_025143_after_1.py,Simple Assignment,5,5,0,A1
d0d2019905a11002dfa9dc605baea901b92bcb94,d0d2019905a11002dfa9dc605baea901b92bcb94_archive-cdx_1665ed32_20181231_025143_after_1.py,Simple Assignment,8,8,4,A1
d0d2019905a11002dfa9dc605baea901b92bcb94,d0d2019905a11002dfa9dc605baea901b92bcb94_archive-cdx_1665ed32_20181231_025143_after_1.py,From,1,1,0,A2
d0d2019905a11002dfa9dc605baea901b92bcb94,d0d2019905a11002dfa9dc605baea901b92bcb94_archive-cdx_1665ed32_20181231_025143_after_1.py,From,2,2,0,A2
d0d2019905a11002dfa9dc605baea901b92bcb94,d0d2019905a11002dfa9dc605baea901b92bcb94_archive-cdx_1665ed32_20181231_025143_after_1.py,From,3,3,0,A2
d0d2019905a11002dfa9dc605baea901b92bcb94,d0d2019905a11002dfa9dc605baea901b92bcb94_archive-cdx_1665ed32_20181231_025143_after_1.py,With,7,8,0,B1
9c32da576c6ec6d399e62238de7308a9a85f3fcf,9c32da576c6ec6d399e62238de7308a9a85f3fcf_archive-cdx_1665ed32_20181231_020334_after_2.py,Simple List,7,7,7,A1
9c32da576c6ec6d399e62238de7308a9a85f3fcf,9c32da576c6ec6d399e62238de7308a9a85f3fcf_archive-cdx_1665ed32_20181231_020334_after_2.py,Simple List,8,8,5,A1
9c32da576c6ec6d399e62238de7308a9a85f3fcf,9c32da576c6ec6d399e62238de7308a9a85f3fcf_archive-cdx_1665ed32_20181231_020334_after_2.py,Simple Atributte,5,5,10,A2
9c32da576c6ec6d399e62238de7308a9a85f3fcf,9c32da576c6ec6d399e62238de7308a9a85f3fcf_archive-cdx_1665ed32_20181231_020334_after_2.py,Simple Atributte,6,6,8,A2
9c32da576c6ec6d399e62238de7308a9a85f3fcf,9c32da576c6ec6d399e62238de7308a9a85f3fcf_archive-cdx_1665ed32_20181231_020334_after_2.py,Simple Atributte,20,20,10,A2
9c32da576c6ec6d399e62238de7308a9a85f3fcf,9c32da576c6ec6d399e62238de7308a9a85f3fcf_archive-cdx_1665ed32_20181231_020334_after_2.py,Simple Atributte,23,23,5,A2
9c32da576c6ec6d399e62238de7308a9a85f3fcf,9c32da576c6ec6d399e62238de7308a9a85f3fcf_archive-cdx_1665ed32_20181231_020334_after_2.py,Simple Atributte,24,24,1,A2
9c32da576c6ec6d399e62238de7308a9a85f3fcf,9c32da576c6ec6d399e62238de7308a9a85f3fcf_archive-cdx_1665ed32_20181231_020334_after_2.py,Simple Atributte,25,25,17,A2
9c32da576c6ec6d399e62238de7308a9a85f3fcf,9c32da576c6ec6d399e62238de7308a9a85f3fcf_archive-cdx_1665ed32_20181231_020334_after_2.py,Simple Atributte,11,11,3,A2
9c32da576c6ec6d399e62238de7308a9a85f3fcf,9c32da576c6ec6d399e62238de7308a9a85f3fcf_archive-cdx_1665ed32_20181231_020334_after_2.py,Simple Atributte,22,22,13,A2
9c32da576c6ec6d399e62238de7308a9a85f3fcf,9c32da576c6ec6d399e62238de7308a9a85f3fcf_archive-cdx_1665ed32_20181231_020334_after_2.py,Simple Atributte,11,11,14,A2
9c32da576c6ec6d399e62238de7308a9a85f3fcf,9c32da576c6ec6d399e62238de7308a9a85f3fcf_archive-cdx_1665ed32_20181231_020334_after_2.py,Simple Atributte,13,13,3,A2
9c32da576c6ec6d399e62238de7308a9a85f3fcf,9c32da576c6ec6d399e62238de7308a9a85f3fcf_archive-cdx_1665ed32_20181231_020334_after_2.py,Simple Assignment,5,5,1,A1
9c32da576c6ec6d399e62238de7308a9a85f3fcf,9c32da576c6ec6d399e62238de7308a9a85f3fcf_archive-cdx_1665ed32_20181231_020334_after_2.py,Simple Assignment,6,6,1,A1
9c32da576c6ec6d399e62238de7308a9a85f3fcf,9c32da576c6ec6d399e62238de7308a9a85f3fcf_archive-cdx_1665ed32_20181231_020334_after_2.py,Simple Assignment,7,7,1,A1
9c32da576c6ec6d399e62238de7308a9a85f3fcf,9c32da576c6ec6d399e62238de7308a9a85f3fcf_archive-cdx_1665ed32_20181231_020334_after_2.py,Simple Assignment,8,8,1,A1
9c32da576c6ec6d399e62238de7308a9a85f3fcf,9c32da576c6ec6d399e62238de7308a9a85f3fcf_archive-cdx_1665ed32_20181231_020334_after_2.py,Simple Assignment,18,18,1,A1
9c32da576c6ec6d399e62238de7308a9a85f3fcf,9c32da576c6ec6d399e62238de7308a9a85f3fcf_archive-cdx_1665ed32_20181231_020334_after_2.py,Simple Assignment,19,19,1,A1
9c32da576c6ec6d399e62238de7308a9a85f3fcf,9c32da576c6ec6d399e62238de7308a9a85f3fcf_archive-cdx_1665ed32_20181231_020334_after_2.py,Simple Assignment,23,23,1,A1
9c32da576c6ec6d399e62238de7308a9a85f3fcf,9c32da576c6ec6d399e62238de7308a9a85f3fcf_archive-cdx_1665ed32_20181231_020334_after_2.py,Simple Assignment,22,22,3,A1
9c32da576c6ec6d399e62238de7308a9a85f3fcf,9c32da576c6ec6d399e62238de7308a9a85f3fcf_archive-cdx_1665ed32_20181231_020334_after_2.py,Import,2,2,0,A2
9c32da576c6ec6d399e62238de7308a9a85f3fcf,9c32da576c6ec6d399e62238de7308a9a85f3fcf_archive-cdx_1665ed32_20181231_020334_after_2.py,From,1,1,0,A2
9c32da576c6ec6d399e62238de7308a9a85f3fcf,9c32da576c6ec6d399e62238de7308a9a85f3fcf_archive-cdx_1665ed32_20181231_020334_after_2.py,Simple If statements,10,13,2,A1
9c32da576c6ec6d399e62238de7308a9a85f3fcf,9c32da576c6ec6d399e62238de7308a9a85f3fcf_archive-cdx_1665ed32_20181231_020334_after_2.py,Simple If statements,21,22,2,A1
9c32da576c6ec6d399e62238de7308a9a85f3fcf,9c32da576c6ec6d399e62238de7308a9a85f3fcf_archive-cdx_1665ed32_20181231_020334_after_2.py,Simple If statements,12,13,2,A1
9c32da576c6ec6d399e62238de7308a9a85f3fcf,9c32da576c6ec6d399e62238de7308a9a85f3fcf_archive-cdx_1665ed32_20181231_020334_after_2.py,Simple For Loop,9,13,1,A1
9c32da576c6ec6d399e62238de7308a9a85f3fcf,9c32da576c6ec6d399e62238de7308a9a85f3fcf_archive-cdx_1665ed32_20181231_020334_after_2.py,Simple For Loop,20,22,1,A1
9c32da576c6ec6d399e62238de7308a9a85f3fcf,9c32da576c6ec6d399e62238de7308a9a85f3fcf_archive-cdx_1665ed32_20181231_020334_after_2.py,Function with Simple argument,4,15,0,A1
9c32da576c6ec6d399e62238de7308a9a85f3fcf,9c32da576c6ec6d399e62238de7308a9a85f3fcf_archive-cdx_1665ed32_20181231_020334_after_2.py,Function with Simple argument with Default argument with ** argument,17,25,0,B1
9c32da576c6ec6d399e62238de7308a9a85f3fcf,9c32da576c6ec6d399e62238de7308a9a85f3fcf_archive-cdx_1665ed32_20181231_020334_after_2.py,Return,15,15,1,A1
9c32da576c6ec6d399e62238de7308a9a85f3fcf,9c32da576c6ec6d399e62238de7308a9a85f3fcf_archive-cdx_1665ed32_20181231_020334_after_2.py,Return,25,25,1,A1
9c32da576c6ec6d399e62238de7308a9a85f3fcf,9c32da576c6ec6d399e62238de7308a9a85f3fcf_archive-cdx_1665ed32_20181231_020334_after_1.py,If statements expression (else),17,17,19,B1
9c32da576c6ec6d399e62238de7308a9a85f3fcf,9c32da576c6ec6d399e62238de7308a9a85f3fcf_archive-cdx_1665ed32_20181231_020334_after_1.py,Simple Atributte,4,4,11,A2
9c32da576c6ec6d399e62238de7308a9a85f3fcf,9c32da576c6ec6d399e62238de7308a9a85f3fcf_archive-cdx_1665ed32_20181231_020334_after_1.py,Simple Atributte,8,8,2,A2
9c32da576c6ec6d399e62238de7308a9a85f3fcf,9c32da576c6ec6d399e62238de7308a9a85f3fcf_archive-cdx_1665ed32_20181231_020334_after_1.py,Simple Atributte,18,18,2,A2
9c32da576c6ec6d399e62238de7308a9a85f3fcf,9c32da576c6ec6d399e62238de7308a9a85f3fcf_archive-cdx_1665ed32_20181231_020334_after_1.py,Simple Atributte,19,19,2,A2
9c32da576c6ec6d399e62238de7308a9a85f3fcf,9c32da576c6ec6d399e62238de7308a9a85f3fcf_archive-cdx_1665ed32_20181231_020334_after_1.py,Simple Atributte,22,22,2,A2
9c32da576c6ec6d399e62238de7308a9a85f3fcf,9c32da576c6ec6d399e62238de7308a9a85f3fcf_archive-cdx_1665ed32_20181231_020334_after_1.py,Simple Atributte,30,30,28,A2
9c32da576c6ec6d399e62238de7308a9a85f3fcf,9c32da576c6ec6d399e62238de7308a9a85f3fcf_archive-cdx_1665ed32_20181231_020334_after_1.py,Simple Atributte,11,11,3,A2
9c32da576c6ec6d399e62238de7308a9a85f3fcf,9c32da576c6ec6d399e62238de7308a9a85f3fcf_archive-cdx_1665ed32_20181231_020334_after_1.py,Simple Atributte,14,14,3,A2
9c32da576c6ec6d399e62238de7308a9a85f3fcf,9c32da576c6ec6d399e62238de7308a9a85f3fcf_archive-cdx_1665ed32_20181231_020334_after_1.py,Simple Atributte,17,17,19,A2
9c32da576c6ec6d399e62238de7308a9a85f3fcf,9c32da576c6ec6d399e62238de7308a9a85f3fcf_archive-cdx_1665ed32_20181231_020334_after_1.py,Simple Atributte,24,24,9,A2
9c32da576c6ec6d399e62238de7308a9a85f3fcf,9c32da576c6ec6d399e62238de7308a9a85f3fcf_archive-cdx_1665ed32_20181231_020334_after_1.py,Simple Atributte,27,27,5,A2
9c32da576c6ec6d399e62238de7308a9a85f3fcf,9c32da576c6ec6d399e62238de7308a9a85f3fcf_archive-cdx_1665ed32_20181231_020334_after_1.py,Simple Atributte,27,27,15,A2
9c32da576c6ec6d399e62238de7308a9a85f3fcf,9c32da576c6ec6d399e62238de7308a9a85f3fcf_archive-cdx_1665ed32_20181231_020334_after_1.py,Simple Atributte,29,29,2,A2
9c32da576c6ec6d399e62238de7308a9a85f3fcf,9c32da576c6ec6d399e62238de7308a9a85f3fcf_archive-cdx_1665ed32_20181231_020334_after_1.py,Simple Atributte,29,29,22,A2
9c32da576c6ec6d399e62238de7308a9a85f3fcf,9c32da576c6ec6d399e62238de7308a9a85f3fcf_archive-cdx_1665ed32_20181231_020334_after_1.py,Simple Atributte,30,30,2,A2
9c32da576c6ec6d399e62238de7308a9a85f3fcf,9c32da576c6ec6d399e62238de7308a9a85f3fcf_archive-cdx_1665ed32_20181231_020334_after_1.py,Special Class Attribute __class__,31,31,9,B2
9c32da576c6ec6d399e62238de7308a9a85f3fcf,9c32da576c6ec6d399e62238de7308a9a85f3fcf_archive-cdx_1665ed32_20181231_020334_after_1.py,Simple Atributte,31,31,24,A2
9c32da576c6ec6d399e62238de7308a9a85f3fcf,9c32da576c6ec6d399e62238de7308a9a85f3fcf_archive-cdx_1665ed32_20181231_020334_after_1.py,Simple Atributte,17,17,53,A2
9c32da576c6ec6d399e62238de7308a9a85f3fcf,9c32da576c6ec6d399e62238de7308a9a85f3fcf_archive-cdx_1665ed32_20181231_020334_after_1.py,Simple Atributte,31,31,35,A2
9c32da576c6ec6d399e62238de7308a9a85f3fcf,9c32da576c6ec6d399e62238de7308a9a85f3fcf_archive-cdx_1665ed32_20181231_020334_after_1.py,Simple Assignment,4,4,0,A1
9c32da576c6ec6d399e62238de7308a9a85f3fcf,9c32da576c6ec6d399e62238de7308a9a85f3fcf_archive-cdx_1665ed32_20181231_020334_after_1.py,Simple Assignment,8,8,2,A1
9c32da576c6ec6d399e62238de7308a9a85f3fcf,9c32da576c6ec6d399e62238de7308a9a85f3fcf_archive-cdx_1665ed32_20181231_020334_after_1.py,Simple Assignment,17,17,2,A1
9c32da576c6ec6d399e62238de7308a9a85f3fcf,9c32da576c6ec6d399e62238de7308a9a85f3fcf_archive-cdx_1665ed32_20181231_020334_after_1.py,Simple Assignment,18,18,2,A1
9c32da576c6ec6d399e62238de7308a9a85f3fcf,9c32da576c6ec6d399e62238de7308a9a85f3fcf_archive-cdx_1665ed32_20181231_020334_after_1.py,Simple Assignment,19,19,2,A1
9c32da576c6ec6d399e62238de7308a9a85f3fcf,9c32da576c6ec6d399e62238de7308a9a85f3fcf_archive-cdx_1665ed32_20181231_020334_after_1.py,Simple Assignment,22,22,2,A1
9c32da576c6ec6d399e62238de7308a9a85f3fcf,9c32da576c6ec6d399e62238de7308a9a85f3fcf_archive-cdx_1665ed32_20181231_020334_after_1.py,Assigment with sum (total = total + 1),29,29,2,A1
9c32da576c6ec6d399e62238de7308a9a85f3fcf,9c32da576c6ec6d399e62238de7308a9a85f3fcf_archive-cdx_1665ed32_20181231_020334_after_1.py,Simple Assignment,30,30,2,A1
9c32da576c6ec6d399e62238de7308a9a85f3fcf,9c32da576c6ec6d399e62238de7308a9a85f3fcf_archive-cdx_1665ed32_20181231_020334_after_1.py,Simple Assignment,10,10,3,A1
9c32da576c6ec6d399e62238de7308a9a85f3fcf,9c32da576c6ec6d399e62238de7308a9a85f3fcf_archive-cdx_1665ed32_20181231_020334_after_1.py,Simple Assignment,11,11,3,A1
9c32da576c6ec6d399e62238de7308a9a85f3fcf,9c32da576c6ec6d399e62238de7308a9a85f3fcf_archive-cdx_1665ed32_20181231_020334_after_1.py,Simple Assignment,14,14,3,A1
9c32da576c6ec6d399e62238de7308a9a85f3fcf,9c32da576c6ec6d399e62238de7308a9a85f3fcf_archive-cdx_1665ed32_20181231_020334_after_1.py,Simple Assignment,16,16,27,A1
9c32da576c6ec6d399e62238de7308a9a85f3fcf,9c32da576c6ec6d399e62238de7308a9a85f3fcf_archive-cdx_1665ed32_20181231_020334_after_1.py,From,1,1,0,A2
9c32da576c6ec6d399e62238de7308a9a85f3fcf,9c32da576c6ec6d399e62238de7308a9a85f3fcf_archive-cdx_1665ed32_20181231_020334_after_1.py,Simple If statements,9,15,2,A1
9c32da576c6ec6d399e62238de7308a9a85f3fcf,9c32da576c6ec6d399e62238de7308a9a85f3fcf_archive-cdx_1665ed32_20181231_020334_after_1.py,Simple If statements,16,16,2,A1
9c32da576c6ec6d399e62238de7308a9a85f3fcf,9c32da576c6ec6d399e62238de7308a9a85f3fcf_archive-cdx_1665ed32_20181231_020334_after_1.py,Simple If statements,27,28,2,A1
9c32da576c6ec6d399e62238de7308a9a85f3fcf,9c32da576c6ec6d399e62238de7308a9a85f3fcf_archive-cdx_1665ed32_20181231_020334_after_1.py,Simple If statements,21,21,3,A1
9c32da576c6ec6d399e62238de7308a9a85f3fcf,9c32da576c6ec6d399e62238de7308a9a85f3fcf_archive-cdx_1665ed32_20181231_020334_after_1.py,Simple For Loop,20,21,2,A1
9c32da576c6ec6d399e62238de7308a9a85f3fcf,9c32da576c6ec6d399e62238de7308a9a85f3fcf_archive-cdx_1665ed32_20181231_020334_after_1.py,Function with Simple argument with ** argument,7,22,1,B1
9c32da576c6ec6d399e62238de7308a9a85f3fcf,9c32da576c6ec6d399e62238de7308a9a85f3fcf_archive-cdx_1665ed32_20181231_020334_after_1.py,Function with Simple argument,23,24,1,A1
9c32da576c6ec6d399e62238de7308a9a85f3fcf,9c32da576c6ec6d399e62238de7308a9a85f3fcf_archive-cdx_1665ed32_20181231_020334_after_1.py,Function with Simple argument,26,31,1,A1
9c32da576c6ec6d399e62238de7308a9a85f3fcf,9c32da576c6ec6d399e62238de7308a9a85f3fcf_archive-cdx_1665ed32_20181231_020334_after_1.py,Lambda,11,11,29,B1
9c32da576c6ec6d399e62238de7308a9a85f3fcf,9c32da576c6ec6d399e62238de7308a9a85f3fcf_archive-cdx_1665ed32_20181231_020334_after_1.py,Return,24,24,2,A1
9c32da576c6ec6d399e62238de7308a9a85f3fcf,9c32da576c6ec6d399e62238de7308a9a85f3fcf_archive-cdx_1665ed32_20181231_020334_after_1.py,Return,31,31,2,A1
9c32da576c6ec6d399e62238de7308a9a85f3fcf,9c32da576c6ec6d399e62238de7308a9a85f3fcf_archive-cdx_1665ed32_20181231_020334_after_1.py,Return,28,28,3,A1
9c32da576c6ec6d399e62238de7308a9a85f3fcf,9c32da576c6ec6d399e62238de7308a9a85f3fcf_archive-cdx_1665ed32_20181231_020334_after_1.py,Simple Class  Using the constructor method --> __init__,6,31,0,B1
6062fe2e212f0457e178b3cda0b592188b4f059c,6062fe2e212f0457e178b3cda0b592188b4f059c_archive-cdx_1665ed32_20181231_052914_before_1.py,Simple List,36,59,16,A1
6062fe2e212f0457e178b3cda0b592188b4f059c,6062fe2e212f0457e178b3cda0b592188b4f059c_archive-cdx_1665ed32_20181231_052914_before_1.py,Simple List,84,84,21,A1
6062fe2e212f0457e178b3cda0b592188b4f059c,6062fe2e212f0457e178b3cda0b592188b4f059c_archive-cdx_1665ed32_20181231_052914_before_1.py,Simple List,76,76,35,A1
6062fe2e212f0457e178b3cda0b592188b4f059c,6062fe2e212f0457e178b3cda0b592188b4f059c_archive-cdx_1665ed32_20181231_052914_before_1.py,Simple Dictionary,137,140,17,A2
6062fe2e212f0457e178b3cda0b592188b4f059c,6062fe2e212f0457e178b3cda0b592188b4f059c_archive-cdx_1665ed32_20181231_052914_before_1.py,Files --> 'open' call function,7,7,5,A2
6062fe2e212f0457e178b3cda0b592188b4f059c,6062fe2e212f0457e178b3cda0b592188b4f059c_archive-cdx_1665ed32_20181231_052914_before_1.py,Files --> 'read' call function,8,8,23,A2
6062fe2e212f0457e178b3cda0b592188b4f059c,6062fe2e212f0457e178b3cda0b592188b4f059c_archive-cdx_1665ed32_20181231_052914_before_1.py,Simple Atributte,5,5,7,A2
6062fe2e212f0457e178b3cda0b592188b4f059c,6062fe2e212f0457e178b3cda0b592188b4f059c_archive-cdx_1665ed32_20181231_052914_before_1.py,Simple Atributte,5,5,20,A2
6062fe2e212f0457e178b3cda0b592188b4f059c,6062fe2e212f0457e178b3cda0b592188b4f059c_archive-cdx_1665ed32_20181231_052914_before_1.py,Simple Atributte,8,8,23,A2
6062fe2e212f0457e178b3cda0b592188b4f059c,6062fe2e212f0457e178b3cda0b592188b4f059c_archive-cdx_1665ed32_20181231_052914_before_1.py,Simple Atributte,7,7,10,A2
6062fe2e212f0457e178b3cda0b592188b4f059c,6062fe2e212f0457e178b3cda0b592188b4f059c_archive-cdx_1665ed32_20181231_052914_before_1.py,Simple Assignment,5,5,0,A1
6062fe2e212f0457e178b3cda0b592188b4f059c,6062fe2e212f0457e178b3cda0b592188b4f059c_archive-cdx_1665ed32_20181231_052914_before_1.py,Simple Assignment,8,8,4,A1
6062fe2e212f0457e178b3cda0b592188b4f059c,6062fe2e212f0457e178b3cda0b592188b4f059c_archive-cdx_1665ed32_20181231_052914_before_1.py,From,1,1,0,A2
6062fe2e212f0457e178b3cda0b592188b4f059c,6062fe2e212f0457e178b3cda0b592188b4f059c_archive-cdx_1665ed32_20181231_052914_before_1.py,From,2,2,0,A2
6062fe2e212f0457e178b3cda0b592188b4f059c,6062fe2e212f0457e178b3cda0b592188b4f059c_archive-cdx_1665ed32_20181231_052914_before_1.py,From,3,3,0,A2
6062fe2e212f0457e178b3cda0b592188b4f059c,6062fe2e212f0457e178b3cda0b592188b4f059c_archive-cdx_1665ed32_20181231_052914_before_1.py,With,7,8,0,B1
6062fe2e212f0457e178b3cda0b592188b4f059c,6062fe2e212f0457e178b3cda0b592188b4f059c_archive-cdx_1665ed32_20181231_052914_after_1.py,Simple List,36,59,16,A1
6062fe2e212f0457e178b3cda0b592188b4f059c,6062fe2e212f0457e178b3cda0b592188b4f059c_archive-cdx_1665ed32_20181231_052914_after_1.py,Simple List,84,84,21,A1
6062fe2e212f0457e178b3cda0b592188b4f059c,6062fe2e212f0457e178b3cda0b592188b4f059c_archive-cdx_1665ed32_20181231_052914_after_1.py,Simple List,76,76,35,A1
6062fe2e212f0457e178b3cda0b592188b4f059c,6062fe2e212f0457e178b3cda0b592188b4f059c_archive-cdx_1665ed32_20181231_052914_after_1.py,Simple Dictionary,137,140,17,A2
6062fe2e212f0457e178b3cda0b592188b4f059c,6062fe2e212f0457e178b3cda0b592188b4f059c_archive-cdx_1665ed32_20181231_052914_after_1.py,Files --> 'open' call function,7,7,5,A2
6062fe2e212f0457e178b3cda0b592188b4f059c,6062fe2e212f0457e178b3cda0b592188b4f059c_archive-cdx_1665ed32_20181231_052914_after_1.py,Files --> 'read' call function,8,8,23,A2
6062fe2e212f0457e178b3cda0b592188b4f059c,6062fe2e212f0457e178b3cda0b592188b4f059c_archive-cdx_1665ed32_20181231_052914_after_1.py,Simple Atributte,5,5,7,A2
6062fe2e212f0457e178b3cda0b592188b4f059c,6062fe2e212f0457e178b3cda0b592188b4f059c_archive-cdx_1665ed32_20181231_052914_after_1.py,Simple Atributte,5,5,20,A2
6062fe2e212f0457e178b3cda0b592188b4f059c,6062fe2e212f0457e178b3cda0b592188b4f059c_archive-cdx_1665ed32_20181231_052914_after_1.py,Simple Atributte,8,8,23,A2
6062fe2e212f0457e178b3cda0b592188b4f059c,6062fe2e212f0457e178b3cda0b592188b4f059c_archive-cdx_1665ed32_20181231_052914_after_1.py,Simple Atributte,7,7,10,A2
6062fe2e212f0457e178b3cda0b592188b4f059c,6062fe2e212f0457e178b3cda0b592188b4f059c_archive-cdx_1665ed32_20181231_052914_after_1.py,Simple Assignment,5,5,0,A1
6062fe2e212f0457e178b3cda0b592188b4f059c,6062fe2e212f0457e178b3cda0b592188b4f059c_archive-cdx_1665ed32_20181231_052914_after_1.py,Simple Assignment,8,8,4,A1
6062fe2e212f0457e178b3cda0b592188b4f059c,6062fe2e212f0457e178b3cda0b592188b4f059c_archive-cdx_1665ed32_20181231_052914_after_1.py,From,1,1,0,A2
6062fe2e212f0457e178b3cda0b592188b4f059c,6062fe2e212f0457e178b3cda0b592188b4f059c_archive-cdx_1665ed32_20181231_052914_after_1.py,From,2,2,0,A2
6062fe2e212f0457e178b3cda0b592188b4f059c,6062fe2e212f0457e178b3cda0b592188b4f059c_archive-cdx_1665ed32_20181231_052914_after_1.py,From,3,3,0,A2
6062fe2e212f0457e178b3cda0b592188b4f059c,6062fe2e212f0457e178b3cda0b592188b4f059c_archive-cdx_1665ed32_20181231_052914_after_1.py,With,7,8,0,B1
a651750aab03ff155476b213773b46e05696ce73,a651750aab03ff155476b213773b46e05696ce73_archive-cdx_1665ed32_20181231_052839_before_3.py,Simple List,48,71,16,A1
a651750aab03ff155476b213773b46e05696ce73,a651750aab03ff155476b213773b46e05696ce73_archive-cdx_1665ed32_20181231_052839_before_3.py,Simple List,96,96,21,A1
a651750aab03ff155476b213773b46e05696ce73,a651750aab03ff155476b213773b46e05696ce73_archive-cdx_1665ed32_20181231_052839_before_3.py,Simple List,88,88,35,A1
a651750aab03ff155476b213773b46e05696ce73,a651750aab03ff155476b213773b46e05696ce73_archive-cdx_1665ed32_20181231_052839_before_3.py,Simple Dictionary,149,152,17,A2
a651750aab03ff155476b213773b46e05696ce73,a651750aab03ff155476b213773b46e05696ce73_archive-cdx_1665ed32_20181231_052839_before_3.py,Files --> 'open' call function,7,7,5,A2
a651750aab03ff155476b213773b46e05696ce73,a651750aab03ff155476b213773b46e05696ce73_archive-cdx_1665ed32_20181231_052839_before_3.py,Files --> 'read' call function,8,8,23,A2
a651750aab03ff155476b213773b46e05696ce73,a651750aab03ff155476b213773b46e05696ce73_archive-cdx_1665ed32_20181231_052839_before_3.py,Simple Atributte,5,5,7,A2
a651750aab03ff155476b213773b46e05696ce73,a651750aab03ff155476b213773b46e05696ce73_archive-cdx_1665ed32_20181231_052839_before_3.py,Simple Atributte,5,5,20,A2
a651750aab03ff155476b213773b46e05696ce73,a651750aab03ff155476b213773b46e05696ce73_archive-cdx_1665ed32_20181231_052839_before_3.py,Simple Atributte,8,8,23,A2
a651750aab03ff155476b213773b46e05696ce73,a651750aab03ff155476b213773b46e05696ce73_archive-cdx_1665ed32_20181231_052839_before_3.py,Simple Atributte,7,7,10,A2
a651750aab03ff155476b213773b46e05696ce73,a651750aab03ff155476b213773b46e05696ce73_archive-cdx_1665ed32_20181231_052839_before_3.py,Simple Assignment,5,5,0,A1
a651750aab03ff155476b213773b46e05696ce73,a651750aab03ff155476b213773b46e05696ce73_archive-cdx_1665ed32_20181231_052839_before_3.py,Simple Assignment,8,8,4,A1
a651750aab03ff155476b213773b46e05696ce73,a651750aab03ff155476b213773b46e05696ce73_archive-cdx_1665ed32_20181231_052839_before_3.py,From,1,1,0,A2
a651750aab03ff155476b213773b46e05696ce73,a651750aab03ff155476b213773b46e05696ce73_archive-cdx_1665ed32_20181231_052839_before_3.py,From,2,2,0,A2
a651750aab03ff155476b213773b46e05696ce73,a651750aab03ff155476b213773b46e05696ce73_archive-cdx_1665ed32_20181231_052839_before_3.py,From,3,3,0,A2
a651750aab03ff155476b213773b46e05696ce73,a651750aab03ff155476b213773b46e05696ce73_archive-cdx_1665ed32_20181231_052839_before_3.py,With,7,8,0,B1
a651750aab03ff155476b213773b46e05696ce73,a651750aab03ff155476b213773b46e05696ce73_archive-cdx_1665ed32_20181231_052839_after_3.py,Simple List,36,59,16,A1
a651750aab03ff155476b213773b46e05696ce73,a651750aab03ff155476b213773b46e05696ce73_archive-cdx_1665ed32_20181231_052839_after_3.py,Simple List,84,84,21,A1
a651750aab03ff155476b213773b46e05696ce73,a651750aab03ff155476b213773b46e05696ce73_archive-cdx_1665ed32_20181231_052839_after_3.py,Simple List,76,76,35,A1
a651750aab03ff155476b213773b46e05696ce73,a651750aab03ff155476b213773b46e05696ce73_archive-cdx_1665ed32_20181231_052839_after_3.py,Simple Dictionary,137,140,17,A2
a651750aab03ff155476b213773b46e05696ce73,a651750aab03ff155476b213773b46e05696ce73_archive-cdx_1665ed32_20181231_052839_after_3.py,Files --> 'open' call function,7,7,5,A2
a651750aab03ff155476b213773b46e05696ce73,a651750aab03ff155476b213773b46e05696ce73_archive-cdx_1665ed32_20181231_052839_after_3.py,Files --> 'read' call function,8,8,23,A2
a651750aab03ff155476b213773b46e05696ce73,a651750aab03ff155476b213773b46e05696ce73_archive-cdx_1665ed32_20181231_052839_after_3.py,Simple Atributte,5,5,7,A2
a651750aab03ff155476b213773b46e05696ce73,a651750aab03ff155476b213773b46e05696ce73_archive-cdx_1665ed32_20181231_052839_after_3.py,Simple Atributte,5,5,20,A2
a651750aab03ff155476b213773b46e05696ce73,a651750aab03ff155476b213773b46e05696ce73_archive-cdx_1665ed32_20181231_052839_after_3.py,Simple Atributte,8,8,23,A2
a651750aab03ff155476b213773b46e05696ce73,a651750aab03ff155476b213773b46e05696ce73_archive-cdx_1665ed32_20181231_052839_after_3.py,Simple Atributte,7,7,10,A2
a651750aab03ff155476b213773b46e05696ce73,a651750aab03ff155476b213773b46e05696ce73_archive-cdx_1665ed32_20181231_052839_after_3.py,Simple Assignment,5,5,0,A1
a651750aab03ff155476b213773b46e05696ce73,a651750aab03ff155476b213773b46e05696ce73_archive-cdx_1665ed32_20181231_052839_after_3.py,Simple Assignment,8,8,4,A1
a651750aab03ff155476b213773b46e05696ce73,a651750aab03ff155476b213773b46e05696ce73_archive-cdx_1665ed32_20181231_052839_after_3.py,From,1,1,0,A2
a651750aab03ff155476b213773b46e05696ce73,a651750aab03ff155476b213773b46e05696ce73_archive-cdx_1665ed32_20181231_052839_after_3.py,From,2,2,0,A2
a651750aab03ff155476b213773b46e05696ce73,a651750aab03ff155476b213773b46e05696ce73_archive-cdx_1665ed32_20181231_052839_after_3.py,From,3,3,0,A2
a651750aab03ff155476b213773b46e05696ce73,a651750aab03ff155476b213773b46e05696ce73_archive-cdx_1665ed32_20181231_052839_after_3.py,With,7,8,0,B1
322207e9562d15d0a6da2dbeb4e675dd1f6405b2,322207e9562d15d0a6da2dbeb4e675dd1f6405b2_archive-cdx_1665ed32_20181231_020439_before_1.py,If statements expression (else),17,17,19,B1
322207e9562d15d0a6da2dbeb4e675dd1f6405b2,322207e9562d15d0a6da2dbeb4e675dd1f6405b2_archive-cdx_1665ed32_20181231_020439_before_1.py,Simple Atributte,4,4,11,A2
322207e9562d15d0a6da2dbeb4e675dd1f6405b2,322207e9562d15d0a6da2dbeb4e675dd1f6405b2_archive-cdx_1665ed32_20181231_020439_before_1.py,Simple Atributte,8,8,2,A2
322207e9562d15d0a6da2dbeb4e675dd1f6405b2,322207e9562d15d0a6da2dbeb4e675dd1f6405b2_archive-cdx_1665ed32_20181231_020439_before_1.py,Simple Atributte,18,18,2,A2
322207e9562d15d0a6da2dbeb4e675dd1f6405b2,322207e9562d15d0a6da2dbeb4e675dd1f6405b2_archive-cdx_1665ed32_20181231_020439_before_1.py,Simple Atributte,19,19,2,A2
322207e9562d15d0a6da2dbeb4e675dd1f6405b2,322207e9562d15d0a6da2dbeb4e675dd1f6405b2_archive-cdx_1665ed32_20181231_020439_before_1.py,Simple Atributte,22,22,2,A2
322207e9562d15d0a6da2dbeb4e675dd1f6405b2,322207e9562d15d0a6da2dbeb4e675dd1f6405b2_archive-cdx_1665ed32_20181231_020439_before_1.py,Simple Atributte,30,30,28,A2
322207e9562d15d0a6da2dbeb4e675dd1f6405b2,322207e9562d15d0a6da2dbeb4e675dd1f6405b2_archive-cdx_1665ed32_20181231_020439_before_1.py,Simple Atributte,11,11,3,A2
322207e9562d15d0a6da2dbeb4e675dd1f6405b2,322207e9562d15d0a6da2dbeb4e675dd1f6405b2_archive-cdx_1665ed32_20181231_020439_before_1.py,Simple Atributte,14,14,3,A2
322207e9562d15d0a6da2dbeb4e675dd1f6405b2,322207e9562d15d0a6da2dbeb4e675dd1f6405b2_archive-cdx_1665ed32_20181231_020439_before_1.py,Simple Atributte,17,17,19,A2
322207e9562d15d0a6da2dbeb4e675dd1f6405b2,322207e9562d15d0a6da2dbeb4e675dd1f6405b2_archive-cdx_1665ed32_20181231_020439_before_1.py,Simple Atributte,24,24,9,A2
322207e9562d15d0a6da2dbeb4e675dd1f6405b2,322207e9562d15d0a6da2dbeb4e675dd1f6405b2_archive-cdx_1665ed32_20181231_020439_before_1.py,Simple Atributte,27,27,5,A2
322207e9562d15d0a6da2dbeb4e675dd1f6405b2,322207e9562d15d0a6da2dbeb4e675dd1f6405b2_archive-cdx_1665ed32_20181231_020439_before_1.py,Simple Atributte,27,27,15,A2
322207e9562d15d0a6da2dbeb4e675dd1f6405b2,322207e9562d15d0a6da2dbeb4e675dd1f6405b2_archive-cdx_1665ed32_20181231_020439_before_1.py,Simple Atributte,29,29,2,A2
322207e9562d15d0a6da2dbeb4e675dd1f6405b2,322207e9562d15d0a6da2dbeb4e675dd1f6405b2_archive-cdx_1665ed32_20181231_020439_before_1.py,Simple Atributte,29,29,22,A2
322207e9562d15d0a6da2dbeb4e675dd1f6405b2,322207e9562d15d0a6da2dbeb4e675dd1f6405b2_archive-cdx_1665ed32_20181231_020439_before_1.py,Simple Atributte,30,30,2,A2
322207e9562d15d0a6da2dbeb4e675dd1f6405b2,322207e9562d15d0a6da2dbeb4e675dd1f6405b2_archive-cdx_1665ed32_20181231_020439_before_1.py,Special Class Attribute __class__,31,31,9,B2
322207e9562d15d0a6da2dbeb4e675dd1f6405b2,322207e9562d15d0a6da2dbeb4e675dd1f6405b2_archive-cdx_1665ed32_20181231_020439_before_1.py,Simple Atributte,31,31,24,A2
322207e9562d15d0a6da2dbeb4e675dd1f6405b2,322207e9562d15d0a6da2dbeb4e675dd1f6405b2_archive-cdx_1665ed32_20181231_020439_before_1.py,Simple Atributte,17,17,53,A2
322207e9562d15d0a6da2dbeb4e675dd1f6405b2,322207e9562d15d0a6da2dbeb4e675dd1f6405b2_archive-cdx_1665ed32_20181231_020439_before_1.py,Simple Atributte,31,31,35,A2
322207e9562d15d0a6da2dbeb4e675dd1f6405b2,322207e9562d15d0a6da2dbeb4e675dd1f6405b2_archive-cdx_1665ed32_20181231_020439_before_1.py,Simple Assignment,4,4,0,A1
322207e9562d15d0a6da2dbeb4e675dd1f6405b2,322207e9562d15d0a6da2dbeb4e675dd1f6405b2_archive-cdx_1665ed32_20181231_020439_before_1.py,Simple Assignment,8,8,2,A1
322207e9562d15d0a6da2dbeb4e675dd1f6405b2,322207e9562d15d0a6da2dbeb4e675dd1f6405b2_archive-cdx_1665ed32_20181231_020439_before_1.py,Simple Assignment,17,17,2,A1
322207e9562d15d0a6da2dbeb4e675dd1f6405b2,322207e9562d15d0a6da2dbeb4e675dd1f6405b2_archive-cdx_1665ed32_20181231_020439_before_1.py,Simple Assignment,18,18,2,A1
322207e9562d15d0a6da2dbeb4e675dd1f6405b2,322207e9562d15d0a6da2dbeb4e675dd1f6405b2_archive-cdx_1665ed32_20181231_020439_before_1.py,Simple Assignment,19,19,2,A1
322207e9562d15d0a6da2dbeb4e675dd1f6405b2,322207e9562d15d0a6da2dbeb4e675dd1f6405b2_archive-cdx_1665ed32_20181231_020439_before_1.py,Simple Assignment,22,22,2,A1
322207e9562d15d0a6da2dbeb4e675dd1f6405b2,322207e9562d15d0a6da2dbeb4e675dd1f6405b2_archive-cdx_1665ed32_20181231_020439_before_1.py,Assigment with sum (total = total + 1),29,29,2,A1
322207e9562d15d0a6da2dbeb4e675dd1f6405b2,322207e9562d15d0a6da2dbeb4e675dd1f6405b2_archive-cdx_1665ed32_20181231_020439_before_1.py,Simple Assignment,30,30,2,A1
322207e9562d15d0a6da2dbeb4e675dd1f6405b2,322207e9562d15d0a6da2dbeb4e675dd1f6405b2_archive-cdx_1665ed32_20181231_020439_before_1.py,Simple Assignment,10,10,3,A1
322207e9562d15d0a6da2dbeb4e675dd1f6405b2,322207e9562d15d0a6da2dbeb4e675dd1f6405b2_archive-cdx_1665ed32_20181231_020439_before_1.py,Simple Assignment,11,11,3,A1
322207e9562d15d0a6da2dbeb4e675dd1f6405b2,322207e9562d15d0a6da2dbeb4e675dd1f6405b2_archive-cdx_1665ed32_20181231_020439_before_1.py,Simple Assignment,14,14,3,A1
322207e9562d15d0a6da2dbeb4e675dd1f6405b2,322207e9562d15d0a6da2dbeb4e675dd1f6405b2_archive-cdx_1665ed32_20181231_020439_before_1.py,Simple Assignment,16,16,27,A1
322207e9562d15d0a6da2dbeb4e675dd1f6405b2,322207e9562d15d0a6da2dbeb4e675dd1f6405b2_archive-cdx_1665ed32_20181231_020439_before_1.py,From,1,1,0,A2
322207e9562d15d0a6da2dbeb4e675dd1f6405b2,322207e9562d15d0a6da2dbeb4e675dd1f6405b2_archive-cdx_1665ed32_20181231_020439_before_1.py,Simple If statements,9,15,2,A1
322207e9562d15d0a6da2dbeb4e675dd1f6405b2,322207e9562d15d0a6da2dbeb4e675dd1f6405b2_archive-cdx_1665ed32_20181231_020439_before_1.py,Simple If statements,16,16,2,A1
322207e9562d15d0a6da2dbeb4e675dd1f6405b2,322207e9562d15d0a6da2dbeb4e675dd1f6405b2_archive-cdx_1665ed32_20181231_020439_before_1.py,Simple If statements,27,28,2,A1
322207e9562d15d0a6da2dbeb4e675dd1f6405b2,322207e9562d15d0a6da2dbeb4e675dd1f6405b2_archive-cdx_1665ed32_20181231_020439_before_1.py,Simple If statements,21,21,3,A1
322207e9562d15d0a6da2dbeb4e675dd1f6405b2,322207e9562d15d0a6da2dbeb4e675dd1f6405b2_archive-cdx_1665ed32_20181231_020439_before_1.py,Simple For Loop,20,21,2,A1
322207e9562d15d0a6da2dbeb4e675dd1f6405b2,322207e9562d15d0a6da2dbeb4e675dd1f6405b2_archive-cdx_1665ed32_20181231_020439_before_1.py,Function with Simple argument with ** argument,7,22,1,B1
322207e9562d15d0a6da2dbeb4e675dd1f6405b2,322207e9562d15d0a6da2dbeb4e675dd1f6405b2_archive-cdx_1665ed32_20181231_020439_before_1.py,Function with Simple argument,23,24,1,A1
322207e9562d15d0a6da2dbeb4e675dd1f6405b2,322207e9562d15d0a6da2dbeb4e675dd1f6405b2_archive-cdx_1665ed32_20181231_020439_before_1.py,Function with Simple argument,26,31,1,A1
322207e9562d15d0a6da2dbeb4e675dd1f6405b2,322207e9562d15d0a6da2dbeb4e675dd1f6405b2_archive-cdx_1665ed32_20181231_020439_before_1.py,Lambda,11,11,29,B1
322207e9562d15d0a6da2dbeb4e675dd1f6405b2,322207e9562d15d0a6da2dbeb4e675dd1f6405b2_archive-cdx_1665ed32_20181231_020439_before_1.py,Return,24,24,2,A1
322207e9562d15d0a6da2dbeb4e675dd1f6405b2,322207e9562d15d0a6da2dbeb4e675dd1f6405b2_archive-cdx_1665ed32_20181231_020439_before_1.py,Return,31,31,2,A1
322207e9562d15d0a6da2dbeb4e675dd1f6405b2,322207e9562d15d0a6da2dbeb4e675dd1f6405b2_archive-cdx_1665ed32_20181231_020439_before_1.py,Return,28,28,3,A1
322207e9562d15d0a6da2dbeb4e675dd1f6405b2,322207e9562d15d0a6da2dbeb4e675dd1f6405b2_archive-cdx_1665ed32_20181231_020439_before_1.py,Simple Class  Using the constructor method --> __init__,6,31,0,B1
322207e9562d15d0a6da2dbeb4e675dd1f6405b2,322207e9562d15d0a6da2dbeb4e675dd1f6405b2_archive-cdx_1665ed32_20181231_020439_after_1.py,If statements expression (else),19,19,19,B1
322207e9562d15d0a6da2dbeb4e675dd1f6405b2,322207e9562d15d0a6da2dbeb4e675dd1f6405b2_archive-cdx_1665ed32_20181231_020439_after_1.py,Simple Atributte,5,5,11,A2
322207e9562d15d0a6da2dbeb4e675dd1f6405b2,322207e9562d15d0a6da2dbeb4e675dd1f6405b2_archive-cdx_1665ed32_20181231_020439_after_1.py,Simple Atributte,9,9,2,A2
322207e9562d15d0a6da2dbeb4e675dd1f6405b2,322207e9562d15d0a6da2dbeb4e675dd1f6405b2_archive-cdx_1665ed32_20181231_020439_after_1.py,Simple Atributte,20,20,2,A2
322207e9562d15d0a6da2dbeb4e675dd1f6405b2,322207e9562d15d0a6da2dbeb4e675dd1f6405b2_archive-cdx_1665ed32_20181231_020439_after_1.py,Simple Atributte,21,21,2,A2
322207e9562d15d0a6da2dbeb4e675dd1f6405b2,322207e9562d15d0a6da2dbeb4e675dd1f6405b2_archive-cdx_1665ed32_20181231_020439_after_1.py,Simple Atributte,24,24,2,A2
322207e9562d15d0a6da2dbeb4e675dd1f6405b2,322207e9562d15d0a6da2dbeb4e675dd1f6405b2_archive-cdx_1665ed32_20181231_020439_after_1.py,Simple Atributte,32,32,28,A2
322207e9562d15d0a6da2dbeb4e675dd1f6405b2,322207e9562d15d0a6da2dbeb4e675dd1f6405b2_archive-cdx_1665ed32_20181231_020439_after_1.py,Simple Atributte,12,12,3,A2
322207e9562d15d0a6da2dbeb4e675dd1f6405b2,322207e9562d15d0a6da2dbeb4e675dd1f6405b2_archive-cdx_1665ed32_20181231_020439_after_1.py,Simple Atributte,16,16,3,A2
322207e9562d15d0a6da2dbeb4e675dd1f6405b2,322207e9562d15d0a6da2dbeb4e675dd1f6405b2_archive-cdx_1665ed32_20181231_020439_after_1.py,Simple Atributte,19,19,19,A2
322207e9562d15d0a6da2dbeb4e675dd1f6405b2,322207e9562d15d0a6da2dbeb4e675dd1f6405b2_archive-cdx_1665ed32_20181231_020439_after_1.py,Simple Atributte,26,26,9,A2
322207e9562d15d0a6da2dbeb4e675dd1f6405b2,322207e9562d15d0a6da2dbeb4e675dd1f6405b2_archive-cdx_1665ed32_20181231_020439_after_1.py,Simple Atributte,29,29,5,A2
322207e9562d15d0a6da2dbeb4e675dd1f6405b2,322207e9562d15d0a6da2dbeb4e675dd1f6405b2_archive-cdx_1665ed32_20181231_020439_after_1.py,Simple Atributte,29,29,15,A2
322207e9562d15d0a6da2dbeb4e675dd1f6405b2,322207e9562d15d0a6da2dbeb4e675dd1f6405b2_archive-cdx_1665ed32_20181231_020439_after_1.py,Simple Atributte,31,31,2,A2
322207e9562d15d0a6da2dbeb4e675dd1f6405b2,322207e9562d15d0a6da2dbeb4e675dd1f6405b2_archive-cdx_1665ed32_20181231_020439_after_1.py,Simple Atributte,31,31,22,A2
322207e9562d15d0a6da2dbeb4e675dd1f6405b2,322207e9562d15d0a6da2dbeb4e675dd1f6405b2_archive-cdx_1665ed32_20181231_020439_after_1.py,Simple Atributte,32,32,2,A2
322207e9562d15d0a6da2dbeb4e675dd1f6405b2,322207e9562d15d0a6da2dbeb4e675dd1f6405b2_archive-cdx_1665ed32_20181231_020439_after_1.py,Special Class Attribute __class__,33,33,9,B2
322207e9562d15d0a6da2dbeb4e675dd1f6405b2,322207e9562d15d0a6da2dbeb4e675dd1f6405b2_archive-cdx_1665ed32_20181231_020439_after_1.py,Simple Atributte,33,33,24,A2
322207e9562d15d0a6da2dbeb4e675dd1f6405b2,322207e9562d15d0a6da2dbeb4e675dd1f6405b2_archive-cdx_1665ed32_20181231_020439_after_1.py,Simple Atributte,19,19,53,A2
322207e9562d15d0a6da2dbeb4e675dd1f6405b2,322207e9562d15d0a6da2dbeb4e675dd1f6405b2_archive-cdx_1665ed32_20181231_020439_after_1.py,Simple Atributte,33,33,35,A2
322207e9562d15d0a6da2dbeb4e675dd1f6405b2,322207e9562d15d0a6da2dbeb4e675dd1f6405b2_archive-cdx_1665ed32_20181231_020439_after_1.py,Simple Assignment,5,5,0,A1
322207e9562d15d0a6da2dbeb4e675dd1f6405b2,322207e9562d15d0a6da2dbeb4e675dd1f6405b2_archive-cdx_1665ed32_20181231_020439_after_1.py,Simple Assignment,9,9,2,A1
322207e9562d15d0a6da2dbeb4e675dd1f6405b2,322207e9562d15d0a6da2dbeb4e675dd1f6405b2_archive-cdx_1665ed32_20181231_020439_after_1.py,Simple Assignment,19,19,2,A1
322207e9562d15d0a6da2dbeb4e675dd1f6405b2,322207e9562d15d0a6da2dbeb4e675dd1f6405b2_archive-cdx_1665ed32_20181231_020439_after_1.py,Simple Assignment,20,20,2,A1
322207e9562d15d0a6da2dbeb4e675dd1f6405b2,322207e9562d15d0a6da2dbeb4e675dd1f6405b2_archive-cdx_1665ed32_20181231_020439_after_1.py,Simple Assignment,21,21,2,A1
322207e9562d15d0a6da2dbeb4e675dd1f6405b2,322207e9562d15d0a6da2dbeb4e675dd1f6405b2_archive-cdx_1665ed32_20181231_020439_after_1.py,Simple Assignment,24,24,2,A1
322207e9562d15d0a6da2dbeb4e675dd1f6405b2,322207e9562d15d0a6da2dbeb4e675dd1f6405b2_archive-cdx_1665ed32_20181231_020439_after_1.py,Assigment with sum (total = total + 1),31,31,2,A1
322207e9562d15d0a6da2dbeb4e675dd1f6405b2,322207e9562d15d0a6da2dbeb4e675dd1f6405b2_archive-cdx_1665ed32_20181231_020439_after_1.py,Simple Assignment,32,32,2,A1
322207e9562d15d0a6da2dbeb4e675dd1f6405b2,322207e9562d15d0a6da2dbeb4e675dd1f6405b2_archive-cdx_1665ed32_20181231_020439_after_1.py,Simple Assignment,11,11,3,A1
322207e9562d15d0a6da2dbeb4e675dd1f6405b2,322207e9562d15d0a6da2dbeb4e675dd1f6405b2_archive-cdx_1665ed32_20181231_020439_after_1.py,Simple Assignment,12,12,3,A1
322207e9562d15d0a6da2dbeb4e675dd1f6405b2,322207e9562d15d0a6da2dbeb4e675dd1f6405b2_archive-cdx_1665ed32_20181231_020439_after_1.py,Simple Assignment,16,16,3,A1
322207e9562d15d0a6da2dbeb4e675dd1f6405b2,322207e9562d15d0a6da2dbeb4e675dd1f6405b2_archive-cdx_1665ed32_20181231_020439_after_1.py,Simple Assignment,18,18,27,A1
322207e9562d15d0a6da2dbeb4e675dd1f6405b2,322207e9562d15d0a6da2dbeb4e675dd1f6405b2_archive-cdx_1665ed32_20181231_020439_after_1.py,From,1,1,0,A2
322207e9562d15d0a6da2dbeb4e675dd1f6405b2,322207e9562d15d0a6da2dbeb4e675dd1f6405b2_archive-cdx_1665ed32_20181231_020439_after_1.py,From,2,2,0,A2
322207e9562d15d0a6da2dbeb4e675dd1f6405b2,322207e9562d15d0a6da2dbeb4e675dd1f6405b2_archive-cdx_1665ed32_20181231_020439_after_1.py,Simple If statements,10,17,2,A1
322207e9562d15d0a6da2dbeb4e675dd1f6405b2,322207e9562d15d0a6da2dbeb4e675dd1f6405b2_archive-cdx_1665ed32_20181231_020439_after_1.py,Simple If statements,18,18,2,A1
322207e9562d15d0a6da2dbeb4e675dd1f6405b2,322207e9562d15d0a6da2dbeb4e675dd1f6405b2_archive-cdx_1665ed32_20181231_020439_after_1.py,Simple If statements,29,30,2,A1
322207e9562d15d0a6da2dbeb4e675dd1f6405b2,322207e9562d15d0a6da2dbeb4e675dd1f6405b2_archive-cdx_1665ed32_20181231_020439_after_1.py,Simple If statements,23,23,3,A1
322207e9562d15d0a6da2dbeb4e675dd1f6405b2,322207e9562d15d0a6da2dbeb4e675dd1f6405b2_archive-cdx_1665ed32_20181231_020439_after_1.py,Simple For Loop,22,23,2,A1
322207e9562d15d0a6da2dbeb4e675dd1f6405b2,322207e9562d15d0a6da2dbeb4e675dd1f6405b2_archive-cdx_1665ed32_20181231_020439_after_1.py,Function with Simple argument with Default argument with ** argument,8,24,1,B1
322207e9562d15d0a6da2dbeb4e675dd1f6405b2,322207e9562d15d0a6da2dbeb4e675dd1f6405b2_archive-cdx_1665ed32_20181231_020439_after_1.py,Function with Simple argument,25,26,1,A1
322207e9562d15d0a6da2dbeb4e675dd1f6405b2,322207e9562d15d0a6da2dbeb4e675dd1f6405b2_archive-cdx_1665ed32_20181231_020439_after_1.py,Function with Simple argument,28,33,1,A1
322207e9562d15d0a6da2dbeb4e675dd1f6405b2,322207e9562d15d0a6da2dbeb4e675dd1f6405b2_archive-cdx_1665ed32_20181231_020439_after_1.py,Lambda,12,12,29,B1
322207e9562d15d0a6da2dbeb4e675dd1f6405b2,322207e9562d15d0a6da2dbeb4e675dd1f6405b2_archive-cdx_1665ed32_20181231_020439_after_1.py,Return,26,26,2,A1
322207e9562d15d0a6da2dbeb4e675dd1f6405b2,322207e9562d15d0a6da2dbeb4e675dd1f6405b2_archive-cdx_1665ed32_20181231_020439_after_1.py,Return,33,33,2,A1
322207e9562d15d0a6da2dbeb4e675dd1f6405b2,322207e9562d15d0a6da2dbeb4e675dd1f6405b2_archive-cdx_1665ed32_20181231_020439_after_1.py,Return,30,30,3,A1
322207e9562d15d0a6da2dbeb4e675dd1f6405b2,322207e9562d15d0a6da2dbeb4e675dd1f6405b2_archive-cdx_1665ed32_20181231_020439_after_1.py,Simple Class  Using the constructor method --> __init__,7,33,0,B1
9990543ca280c02cc6de6a36414e39b9efc76750,9990543ca280c02cc6de6a36414e39b9efc76750_archive-cdx_1665ed32_20181231_021009_before_1.py,Simple List,48,71,16,A1
9990543ca280c02cc6de6a36414e39b9efc76750,9990543ca280c02cc6de6a36414e39b9efc76750_archive-cdx_1665ed32_20181231_021009_before_1.py,Simple List,96,96,21,A1
9990543ca280c02cc6de6a36414e39b9efc76750,9990543ca280c02cc6de6a36414e39b9efc76750_archive-cdx_1665ed32_20181231_021009_before_1.py,Simple List,88,88,35,A1
9990543ca280c02cc6de6a36414e39b9efc76750,9990543ca280c02cc6de6a36414e39b9efc76750_archive-cdx_1665ed32_20181231_021009_before_1.py,Simple Dictionary,149,152,17,A2
9990543ca280c02cc6de6a36414e39b9efc76750,9990543ca280c02cc6de6a36414e39b9efc76750_archive-cdx_1665ed32_20181231_021009_before_1.py,Files --> 'open' call function,7,7,5,A2
9990543ca280c02cc6de6a36414e39b9efc76750,9990543ca280c02cc6de6a36414e39b9efc76750_archive-cdx_1665ed32_20181231_021009_before_1.py,Files --> 'read' call function,8,8,23,A2
9990543ca280c02cc6de6a36414e39b9efc76750,9990543ca280c02cc6de6a36414e39b9efc76750_archive-cdx_1665ed32_20181231_021009_before_1.py,Simple Atributte,5,5,7,A2
9990543ca280c02cc6de6a36414e39b9efc76750,9990543ca280c02cc6de6a36414e39b9efc76750_archive-cdx_1665ed32_20181231_021009_before_1.py,Simple Atributte,5,5,20,A2
9990543ca280c02cc6de6a36414e39b9efc76750,9990543ca280c02cc6de6a36414e39b9efc76750_archive-cdx_1665ed32_20181231_021009_before_1.py,Simple Atributte,8,8,23,A2
9990543ca280c02cc6de6a36414e39b9efc76750,9990543ca280c02cc6de6a36414e39b9efc76750_archive-cdx_1665ed32_20181231_021009_before_1.py,Simple Atributte,7,7,10,A2
9990543ca280c02cc6de6a36414e39b9efc76750,9990543ca280c02cc6de6a36414e39b9efc76750_archive-cdx_1665ed32_20181231_021009_before_1.py,Simple Assignment,5,5,0,A1
9990543ca280c02cc6de6a36414e39b9efc76750,9990543ca280c02cc6de6a36414e39b9efc76750_archive-cdx_1665ed32_20181231_021009_before_1.py,Simple Assignment,8,8,4,A1
9990543ca280c02cc6de6a36414e39b9efc76750,9990543ca280c02cc6de6a36414e39b9efc76750_archive-cdx_1665ed32_20181231_021009_before_1.py,From,1,1,0,A2
9990543ca280c02cc6de6a36414e39b9efc76750,9990543ca280c02cc6de6a36414e39b9efc76750_archive-cdx_1665ed32_20181231_021009_before_1.py,From,2,2,0,A2
9990543ca280c02cc6de6a36414e39b9efc76750,9990543ca280c02cc6de6a36414e39b9efc76750_archive-cdx_1665ed32_20181231_021009_before_1.py,From,3,3,0,A2
9990543ca280c02cc6de6a36414e39b9efc76750,9990543ca280c02cc6de6a36414e39b9efc76750_archive-cdx_1665ed32_20181231_021009_before_1.py,With,7,8,0,B1
9990543ca280c02cc6de6a36414e39b9efc76750,9990543ca280c02cc6de6a36414e39b9efc76750_archive-cdx_1665ed32_20181231_021009_after_1.py,Simple List,48,71,16,A1
9990543ca280c02cc6de6a36414e39b9efc76750,9990543ca280c02cc6de6a36414e39b9efc76750_archive-cdx_1665ed32_20181231_021009_after_1.py,Simple List,96,96,21,A1
9990543ca280c02cc6de6a36414e39b9efc76750,9990543ca280c02cc6de6a36414e39b9efc76750_archive-cdx_1665ed32_20181231_021009_after_1.py,Simple List,88,88,35,A1
9990543ca280c02cc6de6a36414e39b9efc76750,9990543ca280c02cc6de6a36414e39b9efc76750_archive-cdx_1665ed32_20181231_021009_after_1.py,Simple Dictionary,149,152,17,A2
9990543ca280c02cc6de6a36414e39b9efc76750,9990543ca280c02cc6de6a36414e39b9efc76750_archive-cdx_1665ed32_20181231_021009_after_1.py,Files --> 'open' call function,7,7,5,A2
9990543ca280c02cc6de6a36414e39b9efc76750,9990543ca280c02cc6de6a36414e39b9efc76750_archive-cdx_1665ed32_20181231_021009_after_1.py,Files --> 'read' call function,8,8,23,A2
9990543ca280c02cc6de6a36414e39b9efc76750,9990543ca280c02cc6de6a36414e39b9efc76750_archive-cdx_1665ed32_20181231_021009_after_1.py,Simple Atributte,5,5,7,A2
9990543ca280c02cc6de6a36414e39b9efc76750,9990543ca280c02cc6de6a36414e39b9efc76750_archive-cdx_1665ed32_20181231_021009_after_1.py,Simple Atributte,5,5,20,A2
9990543ca280c02cc6de6a36414e39b9efc76750,9990543ca280c02cc6de6a36414e39b9efc76750_archive-cdx_1665ed32_20181231_021009_after_1.py,Simple Atributte,8,8,23,A2
9990543ca280c02cc6de6a36414e39b9efc76750,9990543ca280c02cc6de6a36414e39b9efc76750_archive-cdx_1665ed32_20181231_021009_after_1.py,Simple Atributte,7,7,10,A2
9990543ca280c02cc6de6a36414e39b9efc76750,9990543ca280c02cc6de6a36414e39b9efc76750_archive-cdx_1665ed32_20181231_021009_after_1.py,Simple Assignment,5,5,0,A1
9990543ca280c02cc6de6a36414e39b9efc76750,9990543ca280c02cc6de6a36414e39b9efc76750_archive-cdx_1665ed32_20181231_021009_after_1.py,Simple Assignment,8,8,4,A1
9990543ca280c02cc6de6a36414e39b9efc76750,9990543ca280c02cc6de6a36414e39b9efc76750_archive-cdx_1665ed32_20181231_021009_after_1.py,From,1,1,0,A2
9990543ca280c02cc6de6a36414e39b9efc76750,9990543ca280c02cc6de6a36414e39b9efc76750_archive-cdx_1665ed32_20181231_021009_after_1.py,From,2,2,0,A2
9990543ca280c02cc6de6a36414e39b9efc76750,9990543ca280c02cc6de6a36414e39b9efc76750_archive-cdx_1665ed32_20181231_021009_after_1.py,From,3,3,0,A2
9990543ca280c02cc6de6a36414e39b9efc76750,9990543ca280c02cc6de6a36414e39b9efc76750_archive-cdx_1665ed32_20181231_021009_after_1.py,With,7,8,0,B1
1de43c4f24782a7a87b189481ffc4e449fad4462,1de43c4f24782a7a87b189481ffc4e449fad4462_archive-cdx_1665ed32_20181231_025212_after_1.py,Simple List,48,71,16,A1
1de43c4f24782a7a87b189481ffc4e449fad4462,1de43c4f24782a7a87b189481ffc4e449fad4462_archive-cdx_1665ed32_20181231_025212_after_1.py,Simple List,88,88,35,A1
1de43c4f24782a7a87b189481ffc4e449fad4462,1de43c4f24782a7a87b189481ffc4e449fad4462_archive-cdx_1665ed32_20181231_025212_after_1.py,Simple Dictionary,149,152,17,A2
1de43c4f24782a7a87b189481ffc4e449fad4462,1de43c4f24782a7a87b189481ffc4e449fad4462_archive-cdx_1665ed32_20181231_025212_after_1.py,Files --> 'open' call function,7,7,5,A2
1de43c4f24782a7a87b189481ffc4e449fad4462,1de43c4f24782a7a87b189481ffc4e449fad4462_archive-cdx_1665ed32_20181231_025212_after_1.py,Files --> 'read' call function,8,8,23,A2
1de43c4f24782a7a87b189481ffc4e449fad4462,1de43c4f24782a7a87b189481ffc4e449fad4462_archive-cdx_1665ed32_20181231_025212_after_1.py,Simple Atributte,5,5,7,A2
1de43c4f24782a7a87b189481ffc4e449fad4462,1de43c4f24782a7a87b189481ffc4e449fad4462_archive-cdx_1665ed32_20181231_025212_after_1.py,Simple Atributte,5,5,20,A2
1de43c4f24782a7a87b189481ffc4e449fad4462,1de43c4f24782a7a87b189481ffc4e449fad4462_archive-cdx_1665ed32_20181231_025212_after_1.py,Simple Atributte,8,8,23,A2
1de43c4f24782a7a87b189481ffc4e449fad4462,1de43c4f24782a7a87b189481ffc4e449fad4462_archive-cdx_1665ed32_20181231_025212_after_1.py,Simple Atributte,7,7,10,A2
1de43c4f24782a7a87b189481ffc4e449fad4462,1de43c4f24782a7a87b189481ffc4e449fad4462_archive-cdx_1665ed32_20181231_025212_after_1.py,Simple Assignment,5,5,0,A1
1de43c4f24782a7a87b189481ffc4e449fad4462,1de43c4f24782a7a87b189481ffc4e449fad4462_archive-cdx_1665ed32_20181231_025212_after_1.py,Simple Assignment,8,8,4,A1
1de43c4f24782a7a87b189481ffc4e449fad4462,1de43c4f24782a7a87b189481ffc4e449fad4462_archive-cdx_1665ed32_20181231_025212_after_1.py,From,1,1,0,A2
1de43c4f24782a7a87b189481ffc4e449fad4462,1de43c4f24782a7a87b189481ffc4e449fad4462_archive-cdx_1665ed32_20181231_025212_after_1.py,From,2,2,0,A2
1de43c4f24782a7a87b189481ffc4e449fad4462,1de43c4f24782a7a87b189481ffc4e449fad4462_archive-cdx_1665ed32_20181231_025212_after_1.py,From,3,3,0,A2
1de43c4f24782a7a87b189481ffc4e449fad4462,1de43c4f24782a7a87b189481ffc4e449fad4462_archive-cdx_1665ed32_20181231_025212_after_1.py,With,7,8,0,B1
1de43c4f24782a7a87b189481ffc4e449fad4462,1de43c4f24782a7a87b189481ffc4e449fad4462_archive-cdx_1665ed32_20181231_025212_before_1.py,Simple List,48,71,16,A1
1de43c4f24782a7a87b189481ffc4e449fad4462,1de43c4f24782a7a87b189481ffc4e449fad4462_archive-cdx_1665ed32_20181231_025212_before_1.py,Simple List,88,88,35,A1
1de43c4f24782a7a87b189481ffc4e449fad4462,1de43c4f24782a7a87b189481ffc4e449fad4462_archive-cdx_1665ed32_20181231_025212_before_1.py,Simple Dictionary,149,152,17,A2
1de43c4f24782a7a87b189481ffc4e449fad4462,1de43c4f24782a7a87b189481ffc4e449fad4462_archive-cdx_1665ed32_20181231_025212_before_1.py,Files --> 'open' call function,7,7,5,A2
1de43c4f24782a7a87b189481ffc4e449fad4462,1de43c4f24782a7a87b189481ffc4e449fad4462_archive-cdx_1665ed32_20181231_025212_before_1.py,Files --> 'read' call function,8,8,23,A2
1de43c4f24782a7a87b189481ffc4e449fad4462,1de43c4f24782a7a87b189481ffc4e449fad4462_archive-cdx_1665ed32_20181231_025212_before_1.py,Simple Atributte,5,5,7,A2
1de43c4f24782a7a87b189481ffc4e449fad4462,1de43c4f24782a7a87b189481ffc4e449fad4462_archive-cdx_1665ed32_20181231_025212_before_1.py,Simple Atributte,5,5,20,A2
1de43c4f24782a7a87b189481ffc4e449fad4462,1de43c4f24782a7a87b189481ffc4e449fad4462_archive-cdx_1665ed32_20181231_025212_before_1.py,Simple Atributte,8,8,23,A2
1de43c4f24782a7a87b189481ffc4e449fad4462,1de43c4f24782a7a87b189481ffc4e449fad4462_archive-cdx_1665ed32_20181231_025212_before_1.py,Simple Atributte,7,7,10,A2
1de43c4f24782a7a87b189481ffc4e449fad4462,1de43c4f24782a7a87b189481ffc4e449fad4462_archive-cdx_1665ed32_20181231_025212_before_1.py,Simple Assignment,5,5,0,A1
1de43c4f24782a7a87b189481ffc4e449fad4462,1de43c4f24782a7a87b189481ffc4e449fad4462_archive-cdx_1665ed32_20181231_025212_before_1.py,Simple Assignment,8,8,4,A1
1de43c4f24782a7a87b189481ffc4e449fad4462,1de43c4f24782a7a87b189481ffc4e449fad4462_archive-cdx_1665ed32_20181231_025212_before_1.py,From,1,1,0,A2
1de43c4f24782a7a87b189481ffc4e449fad4462,1de43c4f24782a7a87b189481ffc4e449fad4462_archive-cdx_1665ed32_20181231_025212_before_1.py,From,2,2,0,A2
1de43c4f24782a7a87b189481ffc4e449fad4462,1de43c4f24782a7a87b189481ffc4e449fad4462_archive-cdx_1665ed32_20181231_025212_before_1.py,From,3,3,0,A2
1de43c4f24782a7a87b189481ffc4e449fad4462,1de43c4f24782a7a87b189481ffc4e449fad4462_archive-cdx_1665ed32_20181231_025212_before_1.py,With,7,8,0,B1
